combination,minutes,target,trailing,trailing type,net profit,max drawdown,profit/dd,total trades,percent profitable,max con loss,sharpe ratio
1,1,0.1,0.2,traditional,-2330.26,2377.0799999995197,-0.98,186,78.49,4,-2.34
2,1,0.1,0.2,staggered,-2209.74,2391.819999999543,-0.92,135,66.67,4,-2.14
3,1,0.1,0.4,traditional,-1437.14,1917.599999999572,-0.75,255,67.45,6,-0.18
4,1,0.1,0.4,staggered,-1974.48,2193.8999999995467,-0.9,189,55.03,6,-0.77
5,1,0.1,0.6,traditional,-2003.44,2829.209999999717,-0.71,240,56.67,6,-0.62
6,1,0.1,0.6,staggered,-2639.74,3069.2099999996917,-0.86,207,49.28,8,-1.23
7,1,0.1,0.8,traditional,-1338.7,2479.2099999997063,-0.54,252,50.79,6,-0.09
8,1,0.1,0.8,staggered,-1770.26,2689.729999999705,-0.66,238,47.9,6,-0.41
9,1,0.15,0.2,traditional,-2900.26,3047.0799999994797,-0.95,197,71.57,3,-2.58
10,1,0.15,0.2,staggered,-2365.0,2451.819999999536,-0.96,155,62.58,5,-1.76
11,1,0.15,0.4,traditional,-2423.44,3139.2099999997226,-0.77,240,56.67,6,-0.93
12,1,0.15,0.4,staggered,-3255.0,3474.469999999732,-0.94,192,45.31,8,-1.72
13,1,0.15,0.6,traditional,-2099.2200000000003,3099.729999999796,-0.68,248,48.39,6,-0.57
14,1,0.15,0.6,staggered,-2260.26,2990.2499999998217,-0.76,214,39.72,9,-0.71
15,1,0.15,0.8,traditional,-2279.74,3445.569999999804,-0.66,248,39.52,8,-0.61
16,1,0.15,0.8,staggered,-2580.26,3706.089999999821,-0.7,240,37.08,9,-0.8
17,1,0.2,0.2,traditional,-2589.74,3020.71999999953,-0.86,245,66.12,6,-1.3
18,1,0.2,0.2,staggered,-2315.0,2765.9799999995066,-0.84,187,54.55,6,-1.05
19,1,0.2,0.4,traditional,-2889.2200000000003,3453.899999999464,-0.84,250,50.4,6,-1.09
20,1,0.2,0.4,staggered,-2369.74,3316.4999999995052,-0.71,208,39.9,9,-0.76
21,1,0.2,0.6,traditional,-2275.0,3200.5899999997364,-0.71,247,39.27,8,-0.57
22,1,0.2,0.6,staggered,-3559.62,3557.249999999509,-1.0,191,31.94,13,-1.54
23,1,0.2,0.8,traditional,-3559.62,3557.249999999509,-1.0,191,31.94,13,-1.54
24,1,0.2,0.8,staggered,-3559.62,3557.249999999509,-1.0,191,31.94,13,-1.54
25,1,0.25,0.2,traditional,-3559.62,3557.249999999509,-1.0,191,31.94,13,-1.54
26,1,0.25,0.2,staggered,-3559.62,3557.249999999509,-1.0,191,31.94,13,-1.54
27,1,0.25,0.4,traditional,-3559.62,3557.249999999509,-1.0,191,31.94,13,-1.54
28,1,0.25,0.4,staggered,-3559.62,3557.249999999509,-1.0,191,31.94,13,-1.54
29,1,0.25,0.6,traditional,-3559.62,3557.249999999509,-1.0,191,31.94,13,-1.54
30,1,0.25,0.6,staggered,-3559.62,3557.249999999509,-1.0,191,31.94,13,-1.54
31,1,0.25,0.8,traditional,-3559.62,3557.249999999509,-1.0,191,31.94,13,-1.54
32,1,0.25,0.8,staggered,-3559.62,3557.249999999509,-1.0,191,31.94,13,-1.54
33,1,0.3,0.2,traditional,-3559.62,3557.249999999509,-1.0,191,31.94,13,-1.54
34,1,0.3,0.2,staggered,-3559.62,3557.249999999509,-1.0,191,31.94,13,-1.54
35,1,0.3,0.4,traditional,-3559.62,3557.249999999509,-1.0,191,31.94,13,-1.54
36,1,0.3,0.4,staggered,-3559.62,3557.249999999509,-1.0,191,31.94,13,-1.54
37,1,0.3,0.6,traditional,-3559.62,3557.249999999509,-1.0,191,31.94,13,-1.54
38,1,0.3,0.6,staggered,-3559.62,3557.249999999509,-1.0,191,31.94,13,-1.54
39,1,0.3,0.8,traditional,-3559.62,3557.249999999509,-1.0,191,31.94,13,-1.54
40,1,0.3,0.8,staggered,-3559.62,3557.249999999509,-1.0,191,31.94,13,-1.54
41,1,0.35,0.2,traditional,-3559.62,3557.249999999509,-1.0,191,31.94,13,-1.54
42,1,0.35,0.2,staggered,-3559.62,3557.249999999509,-1.0,191,31.94,13,-1.54
43,1,0.35,0.4,traditional,-3559.62,3557.249999999509,-1.0,191,31.94,13,-1.54
44,1,0.35,0.4,staggered,-3559.62,3557.249999999509,-1.0,191,31.94,13,-1.54
45,1,0.35,0.6,traditional,-3559.62,3557.249999999509,-1.0,191,31.94,13,-1.54
46,1,0.35,0.6,staggered,-3559.62,3557.249999999509,-1.0,191,31.94,13,-1.54
47,1,0.35,0.8,traditional,-3559.62,3557.249999999509,-1.0,191,31.94,13,-1.54
48,1,0.35,0.8,staggered,-3559.62,3557.249999999509,-1.0,191,31.94,13,-1.54
49,1,0.4,0.2,traditional,-3559.62,3557.249999999509,-1.0,191,31.94,13,-1.54
50,1,0.4,0.2,staggered,-3559.62,3557.249999999509,-1.0,191,31.94,13,-1.54
51,1,0.4,0.4,traditional,-3559.62,3557.249999999509,-1.0,191,31.94,13,-1.54
52,1,0.4,0.4,staggered,-3559.62,3557.249999999509,-1.0,191,31.94,13,-1.54
53,1,0.4,0.6,traditional,-3559.62,3557.249999999509,-1.0,191,31.94,13,-1.54
54,1,0.4,0.6,staggered,-3559.62,3557.249999999509,-1.0,191,31.94,13,-1.54
55,1,0.4,0.8,traditional,-3559.62,3557.249999999509,-1.0,191,31.94,13,-1.54
56,1,0.4,0.8,staggered,-3559.62,3557.249999999509,-1.0,191,31.94,13,-1.54
57,1,0.45,0.2,traditional,-3559.62,3557.249999999509,-1.0,191,31.94,13,-1.54
58,1,0.45,0.2,staggered,-3559.62,3557.249999999509,-1.0,191,31.94,13,-1.54
59,1,0.45,0.4,traditional,-3559.62,3557.249999999509,-1.0,191,31.94,13,-1.54
60,1,0.45,0.4,staggered,-3559.62,3557.249999999509,-1.0,191,31.94,13,-1.54
61,1,0.45,0.6,traditional,-3559.62,3557.249999999509,-1.0,191,31.94,13,-1.54
62,1,0.45,0.6,staggered,-3559.62,3557.249999999509,-1.0,191,31.94,13,-1.54
63,1,0.45,0.8,traditional,-3559.62,3557.249999999509,-1.0,191,31.94,13,-1.54
64,1,0.45,0.8,staggered,-3559.62,3557.249999999509,-1.0,191,31.94,13,-1.54
65,1,0.5,0.2,traditional,-3559.62,3557.249999999509,-1.0,191,31.94,13,-1.54
66,1,0.5,0.2,staggered,-3559.62,3557.249999999509,-1.0,191,31.94,13,-1.54
67,1,0.5,0.4,traditional,-3559.62,3557.249999999509,-1.0,191,31.94,13,-1.54
68,1,0.5,0.4,staggered,-3559.62,3557.249999999509,-1.0,191,31.94,13,-1.54
69,1,0.5,0.6,traditional,-3559.62,3557.249999999509,-1.0,191,31.94,13,-1.54
70,1,0.5,0.6,staggered,-3559.62,3557.249999999509,-1.0,191,31.94,13,-1.54
71,1,0.5,0.8,traditional,-3559.62,3557.249999999509,-1.0,191,31.94,13,-1.54
72,1,0.5,0.8,staggered,-3559.62,3557.249999999509,-1.0,191,31.94,13,-1.54
73,2,0.1,0.2,traditional,-3559.62,3557.249999999509,-1.0,191,31.94,13,-1.54
74,2,0.1,0.2,staggered,-3559.62,3557.249999999509,-1.0,191,31.94,13,-1.54
75,2,0.1,0.4,traditional,-3559.62,3557.249999999509,-1.0,191,31.94,13,-1.54
76,2,0.1,0.4,staggered,-3559.62,3557.249999999509,-1.0,191,31.94,13,-1.54
77,2,0.1,0.6,traditional,-3559.62,3557.249999999509,-1.0,191,31.94,13,-1.54
78,2,0.1,0.6,staggered,-3559.62,3557.249999999509,-1.0,191,31.94,13,-1.54
79,2,0.1,0.8,traditional,-3559.62,3557.249999999509,-1.0,191,31.94,13,-1.54
80,2,0.1,0.8,staggered,-3559.62,3557.249999999509,-1.0,191,31.94,13,-1.54
81,2,0.15,0.2,traditional,-3559.62,3557.249999999509,-1.0,191,31.94,13,-1.54
82,2,0.15,0.2,staggered,-3559.62,3557.249999999509,-1.0,191,31.94,13,-1.54
83,2,0.15,0.4,traditional,-3559.62,3557.249999999509,-1.0,191,31.94,13,-1.54
84,2,0.15,0.4,staggered,-3559.62,3557.249999999509,-1.0,191,31.94,13,-1.54
85,2,0.15,0.6,traditional,-3559.62,3557.249999999509,-1.0,191,31.94,13,-1.54
86,2,0.15,0.6,staggered,-3559.62,3557.249999999509,-1.0,191,31.94,13,-1.54
87,2,0.15,0.8,traditional,-3559.62,3557.249999999509,-1.0,191,31.94,13,-1.54
88,2,0.15,0.8,staggered,-3559.62,3557.249999999509,-1.0,191,31.94,13,-1.54
89,2,0.2,0.2,traditional,-3559.62,3557.249999999509,-1.0,191,31.94,13,-1.54
90,2,0.2,0.2,staggered,-3559.62,3557.249999999509,-1.0,191,31.94,13,-1.54
91,2,0.2,0.4,traditional,-3559.62,3557.249999999509,-1.0,191,31.94,13,-1.54
92,2,0.2,0.4,staggered,-3559.62,3557.249999999509,-1.0,191,31.94,13,-1.54
93,2,0.2,0.6,traditional,-3559.62,3557.249999999509,-1.0,191,31.94,13,-1.54
94,2,0.2,0.6,staggered,-3559.62,3557.249999999509,-1.0,191,31.94,13,-1.54
95,2,0.2,0.8,traditional,-3559.62,3557.249999999509,-1.0,191,31.94,13,-1.54
96,2,0.2,0.8,staggered,-3559.62,3557.249999999509,-1.0,191,31.94,13,-1.54
97,2,0.25,0.2,traditional,-3559.62,3557.249999999509,-1.0,191,31.94,13,-1.54
98,2,0.25,0.2,staggered,-3559.62,3557.249999999509,-1.0,191,31.94,13,-1.54
99,2,0.25,0.4,traditional,-3559.62,3557.249999999509,-1.0,191,31.94,13,-1.54
100,2,0.25,0.4,staggered,-3559.62,3557.249999999509,-1.0,191,31.94,13,-1.54
101,2,0.25,0.6,traditional,-3559.62,3557.249999999509,-1.0,191,31.94,13,-1.54
102,2,0.25,0.6,staggered,-3559.62,3557.249999999509,-1.0,191,31.94,13,-1.54
103,2,0.25,0.8,traditional,-3559.62,3557.249999999509,-1.0,191,31.94,13,-1.54
104,2,0.25,0.8,staggered,-3559.62,3557.249999999509,-1.0,191,31.94,13,-1.54
105,2,0.3,0.2,traditional,-3559.62,3557.249999999509,-1.0,191,31.94,13,-1.54
106,2,0.3,0.2,staggered,-3559.62,3557.249999999509,-1.0,191,31.94,13,-1.54
107,2,0.3,0.4,traditional,-3559.62,3557.249999999509,-1.0,191,31.94,13,-1.54
108,2,0.3,0.4,staggered,-3559.62,3557.249999999509,-1.0,191,31.94,13,-1.54
109,2,0.3,0.6,traditional,-3559.62,3557.249999999509,-1.0,191,31.94,13,-1.54
110,2,0.3,0.6,staggered,-3559.62,3557.249999999509,-1.0,191,31.94,13,-1.54
111,2,0.3,0.8,traditional,-3559.62,3557.249999999509,-1.0,191,31.94,13,-1.54
112,2,0.3,0.8,staggered,-3559.62,3557.249999999509,-1.0,191,31.94,13,-1.54
113,2,0.35,0.2,traditional,-3559.62,3557.249999999509,-1.0,191,31.94,13,-1.54
114,2,0.35,0.2,staggered,-3559.62,3557.249999999509,-1.0,191,31.94,13,-1.54
115,2,0.35,0.4,traditional,-3559.62,3557.249999999509,-1.0,191,31.94,13,-1.54
116,2,0.35,0.4,staggered,-3559.62,3557.249999999509,-1.0,191,31.94,13,-1.54
117,2,0.35,0.6,traditional,-3559.62,3557.249999999509,-1.0,191,31.94,13,-1.54
118,2,0.35,0.6,staggered,-3559.62,3557.249999999509,-1.0,191,31.94,13,-1.54
119,2,0.35,0.8,traditional,-3559.62,3557.249999999509,-1.0,191,31.94,13,-1.54
120,2,0.35,0.8,staggered,-3559.62,3557.249999999509,-1.0,191,31.94,13,-1.54
121,2,0.4,0.2,traditional,-3559.62,3557.249999999509,-1.0,191,31.94,13,-1.54
122,2,0.4,0.2,staggered,-3559.62,3557.249999999509,-1.0,191,31.94,13,-1.54
123,2,0.4,0.4,traditional,-3559.62,3557.249999999509,-1.0,191,31.94,13,-1.54
124,2,0.4,0.4,staggered,-3559.62,3557.249999999509,-1.0,191,31.94,13,-1.54
125,2,0.4,0.6,traditional,-3559.62,3557.249999999509,-1.0,191,31.94,13,-1.54
126,2,0.4,0.6,staggered,-3559.62,3557.249999999509,-1.0,191,31.94,13,-1.54
127,2,0.4,0.8,traditional,-3559.62,3557.249999999509,-1.0,191,31.94,13,-1.54
128,2,0.4,0.8,staggered,-3559.62,3557.249999999509,-1.0,191,31.94,13,-1.54
129,2,0.45,0.2,traditional,-3559.62,3557.249999999509,-1.0,191,31.94,13,-1.54
130,2,0.45,0.2,staggered,-3559.62,3557.249999999509,-1.0,191,31.94,13,-1.54
131,2,0.45,0.4,traditional,-3559.62,3557.249999999509,-1.0,191,31.94,13,-1.54
132,2,0.45,0.4,staggered,-3559.62,3557.249999999509,-1.0,191,31.94,13,-1.54
133,2,0.45,0.6,traditional,-3559.62,3557.249999999509,-1.0,191,31.94,13,-1.54
134,2,0.45,0.6,staggered,-3559.62,3557.249999999509,-1.0,191,31.94,13,-1.54
135,2,0.45,0.8,traditional,-3559.62,3557.249999999509,-1.0,191,31.94,13,-1.54
136,2,0.45,0.8,staggered,-3559.62,3557.249999999509,-1.0,191,31.94,13,-1.54
137,2,0.5,0.2,traditional,-3559.62,3557.249999999509,-1.0,191,31.94,13,-1.54
138,2,0.5,0.2,staggered,-3559.62,3557.249999999509,-1.0,191,31.94,13,-1.54
139,2,0.5,0.4,traditional,-3559.62,3557.249999999509,-1.0,191,31.94,13,-1.54
140,2,0.5,0.4,staggered,-3559.62,3557.249999999509,-1.0,191,31.94,13,-1.54
141,2,0.5,0.6,traditional,-3559.62,3557.249999999509,-1.0,191,31.94,13,-1.54
142,2,0.5,0.6,staggered,-3559.62,3557.249999999509,-1.0,191,31.94,13,-1.54
143,2,0.5,0.8,traditional,-3559.62,3557.249999999509,-1.0,191,31.94,13,-1.54
144,2,0.5,0.8,staggered,-3559.62,3557.249999999509,-1.0,191,31.94,13,-1.54
145,3,0.1,0.2,traditional,-3559.62,3557.249999999509,-1.0,191,31.94,13,-1.54
146,3,0.1,0.2,staggered,-3559.62,3557.249999999509,-1.0,191,31.94,13,-1.54
147,3,0.1,0.4,traditional,-3559.62,3557.249999999509,-1.0,191,31.94,13,-1.54
148,3,0.1,0.4,staggered,-3559.62,3557.249999999509,-1.0,191,31.94,13,-1.54
149,3,0.1,0.6,traditional,-3559.62,3557.249999999509,-1.0,191,31.94,13,-1.54
150,3,0.1,0.6,staggered,-3559.62,3557.249999999509,-1.0,191,31.94,13,-1.54
151,3,0.1,0.8,traditional,-3559.62,3557.249999999509,-1.0,191,31.94,13,-1.54
152,3,0.1,0.8,staggered,-3559.62,3557.249999999509,-1.0,191,31.94,13,-1.54
153,3,0.15,0.2,traditional,-3559.62,3557.249999999509,-1.0,191,31.94,13,-1.54
154,3,0.15,0.2,staggered,-3559.62,3557.249999999509,-1.0,191,31.94,13,-1.54
155,3,0.15,0.4,traditional,-3559.62,3557.249999999509,-1.0,191,31.94,13,-1.54
156,3,0.15,0.4,staggered,-3559.62,3557.249999999509,-1.0,191,31.94,13,-1.54
157,3,0.15,0.6,traditional,-3559.62,3557.249999999509,-1.0,191,31.94,13,-1.54
158,3,0.15,0.6,staggered,-3559.62,3557.249999999509,-1.0,191,31.94,13,-1.54
159,3,0.15,0.8,traditional,-3559.62,3557.249999999509,-1.0,191,31.94,13,-1.54
160,3,0.15,0.8,staggered,-3559.62,3557.249999999509,-1.0,191,31.94,13,-1.54
161,3,0.2,0.2,traditional,-3559.62,3557.249999999509,-1.0,191,31.94,13,-1.54
162,3,0.2,0.2,staggered,-3559.62,3557.249999999509,-1.0,191,31.94,13,-1.54
163,3,0.2,0.4,traditional,-3559.62,3557.249999999509,-1.0,191,31.94,13,-1.54
164,3,0.2,0.4,staggered,-3559.62,3557.249999999509,-1.0,191,31.94,13,-1.54
165,3,0.2,0.6,traditional,-3559.62,3557.249999999509,-1.0,191,31.94,13,-1.54
166,3,0.2,0.6,staggered,-3559.62,3557.249999999509,-1.0,191,31.94,13,-1.54
167,3,0.2,0.8,traditional,-3559.62,3557.249999999509,-1.0,191,31.94,13,-1.54
168,3,0.2,0.8,staggered,-3559.62,3557.249999999509,-1.0,191,31.94,13,-1.54
169,3,0.25,0.2,traditional,-3559.62,3557.249999999509,-1.0,191,31.94,13,-1.54
170,3,0.25,0.2,staggered,-3559.62,3557.249999999509,-1.0,191,31.94,13,-1.54
171,3,0.25,0.4,traditional,-3559.62,3557.249999999509,-1.0,191,31.94,13,-1.54
172,3,0.25,0.4,staggered,-3559.62,3557.249999999509,-1.0,191,31.94,13,-1.54
173,3,0.25,0.6,traditional,-3559.62,3557.249999999509,-1.0,191,31.94,13,-1.54
174,3,0.25,0.6,staggered,-3559.62,3557.249999999509,-1.0,191,31.94,13,-1.54
175,3,0.25,0.8,traditional,-3559.62,3557.249999999509,-1.0,191,31.94,13,-1.54
176,3,0.25,0.8,staggered,-3559.62,3557.249999999509,-1.0,191,31.94,13,-1.54
177,3,0.3,0.2,traditional,-3559.62,3557.249999999509,-1.0,191,31.94,13,-1.54
178,3,0.3,0.2,staggered,-3559.62,3557.249999999509,-1.0,191,31.94,13,-1.54
179,3,0.3,0.4,traditional,-3559.62,3557.249999999509,-1.0,191,31.94,13,-1.54
180,3,0.3,0.4,staggered,-3559.62,3557.249999999509,-1.0,191,31.94,13,-1.54
181,3,0.3,0.6,traditional,-3559.62,3557.249999999509,-1.0,191,31.94,13,-1.54
182,3,0.3,0.6,staggered,-3559.62,3557.249999999509,-1.0,191,31.94,13,-1.54
183,3,0.3,0.8,traditional,-3559.62,3557.249999999509,-1.0,191,31.94,13,-1.54
184,3,0.3,0.8,staggered,-3559.62,3557.249999999509,-1.0,191,31.94,13,-1.54
185,3,0.35,0.2,traditional,-3559.62,3557.249999999509,-1.0,191,31.94,13,-1.54
186,3,0.35,0.2,staggered,-3559.62,3557.249999999509,-1.0,191,31.94,13,-1.54
187,3,0.35,0.4,traditional,-3559.62,3557.249999999509,-1.0,191,31.94,13,-1.54
188,3,0.35,0.4,staggered,-3559.62,3557.249999999509,-1.0,191,31.94,13,-1.54
189,3,0.35,0.6,traditional,-3559.62,3557.249999999509,-1.0,191,31.94,13,-1.54
190,3,0.35,0.6,staggered,-3559.62,3557.249999999509,-1.0,191,31.94,13,-1.54
191,3,0.35,0.8,traditional,-3559.62,3557.249999999509,-1.0,191,31.94,13,-1.54
192,3,0.35,0.8,staggered,-3559.62,3557.249999999509,-1.0,191,31.94,13,-1.54
193,3,0.4,0.2,traditional,-3559.62,3557.249999999509,-1.0,191,31.94,13,-1.54
194,3,0.4,0.2,staggered,-3559.62,3557.249999999509,-1.0,191,31.94,13,-1.54
195,3,0.4,0.4,traditional,-3559.62,3557.249999999509,-1.0,191,31.94,13,-1.54
196,3,0.4,0.4,staggered,-3559.62,3557.249999999509,-1.0,191,31.94,13,-1.54
197,3,0.4,0.6,traditional,-3559.62,3557.249999999509,-1.0,191,31.94,13,-1.54
198,3,0.4,0.6,staggered,-3559.62,3557.249999999509,-1.0,191,31.94,13,-1.54
199,3,0.4,0.8,traditional,-3559.62,3557.249999999509,-1.0,191,31.94,13,-1.54
200,3,0.4,0.8,staggered,-3559.62,3557.249999999509,-1.0,191,31.94,13,-1.54
201,3,0.45,0.2,traditional,-3559.62,3557.249999999509,-1.0,191,31.94,13,-1.54
202,3,0.45,0.2,staggered,-3559.62,3557.249999999509,-1.0,191,31.94,13,-1.54
203,3,0.45,0.4,traditional,-3559.62,3557.249999999509,-1.0,191,31.94,13,-1.54
204,3,0.45,0.4,staggered,-3559.62,3557.249999999509,-1.0,191,31.94,13,-1.54
205,3,0.45,0.6,traditional,-3559.62,3557.249999999509,-1.0,191,31.94,13,-1.54
206,3,0.45,0.6,staggered,-3559.62,3557.249999999509,-1.0,191,31.94,13,-1.54
207,3,0.45,0.8,traditional,-3559.62,3557.249999999509,-1.0,191,31.94,13,-1.54
208,3,0.45,0.8,staggered,-3559.62,3557.249999999509,-1.0,191,31.94,13,-1.54
209,3,0.5,0.2,traditional,-3559.62,3557.249999999509,-1.0,191,31.94,13,-1.54
210,3,0.5,0.2,staggered,-3559.62,3557.249999999509,-1.0,191,31.94,13,-1.54
211,3,0.5,0.4,traditional,-3559.62,3557.249999999509,-1.0,191,31.94,13,-1.54
212,3,0.5,0.4,staggered,-3559.62,3557.249999999509,-1.0,191,31.94,13,-1.54
213,3,0.5,0.6,traditional,-3559.62,3557.249999999509,-1.0,191,31.94,13,-1.54
214,3,0.5,0.6,staggered,-3559.62,3557.249999999509,-1.0,191,31.94,13,-1.54
215,3,0.5,0.8,traditional,-3559.62,3557.249999999509,-1.0,191,31.94,13,-1.54
216,3,0.5,0.8,staggered,-3559.62,3557.249999999509,-1.0,191,31.94,13,-1.54
217,4,0.1,0.2,traditional,-3559.62,3557.249999999509,-1.0,191,31.94,13,-1.54
218,4,0.1,0.2,staggered,-3559.62,3557.249999999509,-1.0,191,31.94,13,-1.54
219,4,0.1,0.4,traditional,-3559.62,3557.249999999509,-1.0,191,31.94,13,-1.54
220,4,0.1,0.4,staggered,-3559.62,3557.249999999509,-1.0,191,31.94,13,-1.54
221,4,0.1,0.6,traditional,-3559.62,3557.249999999509,-1.0,191,31.94,13,-1.54
222,4,0.1,0.6,staggered,-3559.62,3557.249999999509,-1.0,191,31.94,13,-1.54
223,4,0.1,0.8,traditional,-3559.62,3557.249999999509,-1.0,191,31.94,13,-1.54
224,4,0.1,0.8,staggered,-3559.62,3557.249999999509,-1.0,191,31.94,13,-1.54
225,4,0.15,0.2,traditional,-3559.62,3557.249999999509,-1.0,191,31.94,13,-1.54
226,4,0.15,0.2,staggered,-3559.62,3557.249999999509,-1.0,191,31.94,13,-1.54
227,4,0.15,0.4,traditional,-3559.62,3557.249999999509,-1.0,191,31.94,13,-1.54
228,4,0.15,0.4,staggered,-3559.62,3557.249999999509,-1.0,191,31.94,13,-1.54
229,4,0.15,0.6,traditional,-3559.62,3557.249999999509,-1.0,191,31.94,13,-1.54
230,4,0.15,0.6,staggered,-3559.62,3557.249999999509,-1.0,191,31.94,13,-1.54
231,4,0.15,0.8,traditional,-3559.62,3557.249999999509,-1.0,191,31.94,13,-1.54
232,4,0.15,0.8,staggered,-3559.62,3557.249999999509,-1.0,191,31.94,13,-1.54
233,4,0.2,0.2,traditional,-3559.62,3557.249999999509,-1.0,191,31.94,13,-1.54
234,4,0.2,0.2,staggered,-3559.62,3557.249999999509,-1.0,191,31.94,13,-1.54
235,4,0.2,0.4,traditional,-3559.62,3557.249999999509,-1.0,191,31.94,13,-1.54
236,4,0.2,0.4,staggered,-3559.62,3557.249999999509,-1.0,191,31.94,13,-1.54
237,4,0.2,0.6,traditional,-3559.62,3557.249999999509,-1.0,191,31.94,13,-1.54
238,4,0.2,0.6,staggered,-3559.62,3557.249999999509,-1.0,191,31.94,13,-1.54
239,4,0.2,0.8,traditional,-3559.62,3557.249999999509,-1.0,191,31.94,13,-1.54
240,4,0.2,0.8,staggered,-3559.62,3557.249999999509,-1.0,191,31.94,13,-1.54
241,4,0.25,0.2,traditional,-3559.62,3557.249999999509,-1.0,191,31.94,13,-1.54
242,4,0.25,0.2,staggered,-3559.62,3557.249999999509,-1.0,191,31.94,13,-1.54
243,4,0.25,0.4,traditional,-3559.62,3557.249999999509,-1.0,191,31.94,13,-1.54
244,4,0.25,0.4,staggered,-3559.62,3557.249999999509,-1.0,191,31.94,13,-1.54
245,4,0.25,0.6,traditional,-3559.62,3557.249999999509,-1.0,191,31.94,13,-1.54
246,4,0.25,0.6,staggered,-3559.62,3557.249999999509,-1.0,191,31.94,13,-1.54
247,4,0.25,0.8,traditional,-3559.62,3557.249999999509,-1.0,191,31.94,13,-1.54
248,4,0.25,0.8,staggered,-3559.62,3557.249999999509,-1.0,191,31.94,13,-1.54
249,4,0.3,0.2,traditional,-3559.62,3557.249999999509,-1.0,191,31.94,13,-1.54
250,4,0.3,0.2,staggered,-3559.62,3557.249999999509,-1.0,191,31.94,13,-1.54
251,4,0.3,0.4,traditional,-3559.62,3557.249999999509,-1.0,191,31.94,13,-1.54
252,4,0.3,0.4,staggered,-3559.62,3557.249999999509,-1.0,191,31.94,13,-1.54
253,4,0.3,0.6,traditional,-3559.62,3557.249999999509,-1.0,191,31.94,13,-1.54
254,4,0.3,0.6,staggered,-3559.62,3557.249999999509,-1.0,191,31.94,13,-1.54
255,4,0.3,0.8,traditional,-3559.62,3557.249999999509,-1.0,191,31.94,13,-1.54
256,4,0.3,0.8,staggered,-3559.62,3557.249999999509,-1.0,191,31.94,13,-1.54
257,4,0.35,0.2,traditional,-3559.62,3557.249999999509,-1.0,191,31.94,13,-1.54
258,4,0.35,0.2,staggered,-3559.62,3557.249999999509,-1.0,191,31.94,13,-1.54
259,4,0.35,0.4,traditional,-3559.62,3557.249999999509,-1.0,191,31.94,13,-1.54
260,4,0.35,0.4,staggered,-3559.62,3557.249999999509,-1.0,191,31.94,13,-1.54
261,4,0.35,0.6,traditional,-3559.62,3557.249999999509,-1.0,191,31.94,13,-1.54
262,4,0.35,0.6,staggered,-3559.62,3557.249999999509,-1.0,191,31.94,13,-1.54
263,4,0.35,0.8,traditional,-3559.62,3557.249999999509,-1.0,191,31.94,13,-1.54
264,4,0.35,0.8,staggered,-3559.62,3557.249999999509,-1.0,191,31.94,13,-1.54
265,4,0.4,0.2,traditional,-3559.62,3557.249999999509,-1.0,191,31.94,13,-1.54
266,4,0.4,0.2,staggered,-3559.62,3557.249999999509,-1.0,191,31.94,13,-1.54
267,4,0.4,0.4,traditional,-3559.62,3557.249999999509,-1.0,191,31.94,13,-1.54
268,4,0.4,0.4,staggered,-3559.62,3557.249999999509,-1.0,191,31.94,13,-1.54
269,4,0.4,0.6,traditional,-3559.62,3557.249999999509,-1.0,191,31.94,13,-1.54
270,4,0.4,0.6,staggered,-3559.62,3557.249999999509,-1.0,191,31.94,13,-1.54
271,4,0.4,0.8,traditional,-3559.62,3557.249999999509,-1.0,191,31.94,13,-1.54
272,4,0.4,0.8,staggered,-3559.62,3557.249999999509,-1.0,191,31.94,13,-1.54
273,4,0.45,0.2,traditional,-3559.62,3557.249999999509,-1.0,191,31.94,13,-1.54
274,4,0.45,0.2,staggered,-3559.62,3557.249999999509,-1.0,191,31.94,13,-1.54
275,4,0.45,0.4,traditional,-3559.62,3557.249999999509,-1.0,191,31.94,13,-1.54
276,4,0.45,0.4,staggered,-3559.62,3557.249999999509,-1.0,191,31.94,13,-1.54
277,4,0.45,0.6,traditional,-3559.62,3557.249999999509,-1.0,191,31.94,13,-1.54
278,4,0.45,0.6,staggered,-3559.62,3557.249999999509,-1.0,191,31.94,13,-1.54
279,4,0.45,0.8,traditional,-3559.62,3557.249999999509,-1.0,191,31.94,13,-1.54
280,4,0.45,0.8,staggered,-3559.62,3557.249999999509,-1.0,191,31.94,13,-1.54
281,4,0.5,0.2,traditional,-3559.62,3557.249999999509,-1.0,191,31.94,13,-1.54
282,4,0.5,0.2,staggered,-3559.62,3557.249999999509,-1.0,191,31.94,13,-1.54
283,4,0.5,0.4,traditional,-3559.62,3557.249999999509,-1.0,191,31.94,13,-1.54
284,4,0.5,0.4,staggered,-3559.62,3557.249999999509,-1.0,191,31.94,13,-1.54
285,4,0.5,0.6,traditional,-3559.62,3557.249999999509,-1.0,191,31.94,13,-1.54
286,4,0.5,0.6,staggered,-3559.62,3557.249999999509,-1.0,191,31.94,13,-1.54
287,4,0.5,0.8,traditional,-3559.62,3557.249999999509,-1.0,191,31.94,13,-1.54
288,4,0.5,0.8,staggered,-3559.62,3557.249999999509,-1.0,191,31.94,13,-1.54
289,5,0.1,0.2,traditional,-3559.62,3557.249999999509,-1.0,191,31.94,13,-1.54
290,5,0.1,0.2,staggered,-3559.62,3557.249999999509,-1.0,191,31.94,13,-1.54
291,5,0.1,0.4,traditional,-3559.62,3557.249999999509,-1.0,191,31.94,13,-1.54
292,5,0.1,0.4,staggered,-3559.62,3557.249999999509,-1.0,191,31.94,13,-1.54
293,5,0.1,0.6,traditional,-3559.62,3557.249999999509,-1.0,191,31.94,13,-1.54
294,5,0.1,0.6,staggered,-3559.62,3557.249999999509,-1.0,191,31.94,13,-1.54
295,5,0.1,0.8,traditional,-3559.62,3557.249999999509,-1.0,191,31.94,13,-1.54
296,5,0.1,0.8,staggered,-3559.62,3557.249999999509,-1.0,191,31.94,13,-1.54
297,5,0.15,0.2,traditional,-3559.62,3557.249999999509,-1.0,191,31.94,13,-1.54
298,5,0.15,0.2,staggered,-3559.62,3557.249999999509,-1.0,191,31.94,13,-1.54
299,5,0.15,0.4,traditional,-3559.62,3557.249999999509,-1.0,191,31.94,13,-1.54
300,5,0.15,0.4,staggered,-3559.62,3557.249999999509,-1.0,191,31.94,13,-1.54
301,5,0.15,0.6,traditional,-3559.62,3557.249999999509,-1.0,191,31.94,13,-1.54
302,5,0.15,0.6,staggered,-3559.62,3557.249999999509,-1.0,191,31.94,13,-1.54
303,5,0.15,0.8,traditional,-3559.62,3557.249999999509,-1.0,191,31.94,13,-1.54
304,5,0.15,0.8,staggered,-3559.62,3557.249999999509,-1.0,191,31.94,13,-1.54
305,5,0.2,0.2,traditional,-3559.62,3557.249999999509,-1.0,191,31.94,13,-1.54
306,5,0.2,0.2,staggered,-3559.62,3557.249999999509,-1.0,191,31.94,13,-1.54
307,5,0.2,0.4,traditional,-3559.62,3557.249999999509,-1.0,191,31.94,13,-1.54
308,5,0.2,0.4,staggered,-3559.62,3557.249999999509,-1.0,191,31.94,13,-1.54
309,5,0.2,0.6,traditional,-3559.62,3557.249999999509,-1.0,191,31.94,13,-1.54
310,5,0.2,0.6,staggered,-3559.62,3557.249999999509,-1.0,191,31.94,13,-1.54
311,5,0.2,0.8,traditional,-3559.62,3557.249999999509,-1.0,191,31.94,13,-1.54
312,5,0.2,0.8,staggered,-3559.62,3557.249999999509,-1.0,191,31.94,13,-1.54
313,5,0.25,0.2,traditional,-3559.62,3557.249999999509,-1.0,191,31.94,13,-1.54
314,5,0.25,0.2,staggered,-3559.62,3557.249999999509,-1.0,191,31.94,13,-1.54
315,5,0.25,0.4,traditional,-3559.62,3557.249999999509,-1.0,191,31.94,13,-1.54
316,5,0.25,0.4,staggered,-3559.62,3557.249999999509,-1.0,191,31.94,13,-1.54
317,5,0.25,0.6,traditional,-3559.62,3557.249999999509,-1.0,191,31.94,13,-1.54
318,5,0.25,0.6,staggered,-3559.62,3557.249999999509,-1.0,191,31.94,13,-1.54
319,5,0.25,0.8,traditional,-3559.62,3557.249999999509,-1.0,191,31.94,13,-1.54
320,5,0.25,0.8,staggered,-3559.62,3557.249999999509,-1.0,191,31.94,13,-1.54
321,5,0.3,0.2,traditional,-3559.62,3557.249999999509,-1.0,191,31.94,13,-1.54
322,5,0.3,0.2,staggered,-3559.62,3557.249999999509,-1.0,191,31.94,13,-1.54
323,5,0.3,0.4,traditional,-3559.62,3557.249999999509,-1.0,191,31.94,13,-1.54
324,5,0.3,0.4,staggered,-3559.62,3557.249999999509,-1.0,191,31.94,13,-1.54
325,5,0.3,0.6,traditional,-3559.62,3557.249999999509,-1.0,191,31.94,13,-1.54
326,5,0.3,0.6,staggered,-3559.62,3557.249999999509,-1.0,191,31.94,13,-1.54
327,5,0.3,0.8,traditional,-3559.62,3557.249999999509,-1.0,191,31.94,13,-1.54
328,5,0.3,0.8,staggered,-3559.62,3557.249999999509,-1.0,191,31.94,13,-1.54
329,5,0.35,0.2,traditional,-3559.62,3557.249999999509,-1.0,191,31.94,13,-1.54
330,5,0.35,0.2,staggered,-3559.62,3557.249999999509,-1.0,191,31.94,13,-1.54
331,5,0.35,0.4,traditional,-3559.62,3557.249999999509,-1.0,191,31.94,13,-1.54
332,5,0.35,0.4,staggered,-3559.62,3557.249999999509,-1.0,191,31.94,13,-1.54
333,5,0.35,0.6,traditional,-3559.62,3557.249999999509,-1.0,191,31.94,13,-1.54
334,5,0.35,0.6,staggered,-3559.62,3557.249999999509,-1.0,191,31.94,13,-1.54
335,5,0.35,0.8,traditional,-3559.62,3557.249999999509,-1.0,191,31.94,13,-1.54
336,5,0.35,0.8,staggered,-3559.62,3557.249999999509,-1.0,191,31.94,13,-1.54
337,5,0.4,0.2,traditional,-3559.62,3557.249999999509,-1.0,191,31.94,13,-1.54
338,5,0.4,0.2,staggered,-3559.62,3557.249999999509,-1.0,191,31.94,13,-1.54
339,5,0.4,0.4,traditional,-3559.62,3557.249999999509,-1.0,191,31.94,13,-1.54
340,5,0.4,0.4,staggered,-3559.62,3557.249999999509,-1.0,191,31.94,13,-1.54
341,5,0.4,0.6,traditional,-3559.62,3557.249999999509,-1.0,191,31.94,13,-1.54
342,5,0.4,0.6,staggered,-3559.62,3557.249999999509,-1.0,191,31.94,13,-1.54
343,5,0.4,0.8,traditional,-3559.62,3557.249999999509,-1.0,191,31.94,13,-1.54
344,5,0.4,0.8,staggered,-3559.62,3557.249999999509,-1.0,191,31.94,13,-1.54
345,5,0.45,0.2,traditional,-3559.62,3557.249999999509,-1.0,191,31.94,13,-1.54
346,5,0.45,0.2,staggered,-3559.62,3557.249999999509,-1.0,191,31.94,13,-1.54
347,5,0.45,0.4,traditional,-3559.62,3557.249999999509,-1.0,191,31.94,13,-1.54
348,5,0.45,0.4,staggered,-3559.62,3557.249999999509,-1.0,191,31.94,13,-1.54
349,5,0.45,0.6,traditional,-3559.62,3557.249999999509,-1.0,191,31.94,13,-1.54
350,5,0.45,0.6,staggered,-3559.62,3557.249999999509,-1.0,191,31.94,13,-1.54
351,5,0.45,0.8,traditional,-3559.62,3557.249999999509,-1.0,191,31.94,13,-1.54
352,5,0.45,0.8,staggered,-3559.62,3557.249999999509,-1.0,191,31.94,13,-1.54
353,5,0.5,0.2,traditional,-3559.62,3557.249999999509,-1.0,191,31.94,13,-1.54
354,5,0.5,0.2,staggered,-3559.62,3557.249999999509,-1.0,191,31.94,13,-1.54
355,5,0.5,0.4,traditional,-3559.62,3557.249999999509,-1.0,191,31.94,13,-1.54
356,5,0.5,0.4,staggered,-3559.62,3557.249999999509,-1.0,191,31.94,13,-1.54
357,5,0.5,0.6,traditional,-3559.62,3557.249999999509,-1.0,191,31.94,13,-1.54
358,5,0.5,0.6,staggered,-3559.62,3557.249999999509,-1.0,191,31.94,13,-1.54
359,5,0.5,0.8,traditional,-3559.62,3557.249999999509,-1.0,191,31.94,13,-1.54
360,5,0.5,0.8,staggered,-3559.62,3557.249999999509,-1.0,191,31.94,13,-1.54
361,6,0.1,0.2,traditional,-3559.62,3557.249999999509,-1.0,191,31.94,13,-1.54
362,6,0.1,0.2,staggered,-3559.62,3557.249999999509,-1.0,191,31.94,13,-1.54
363,6,0.1,0.4,traditional,-3559.62,3557.249999999509,-1.0,191,31.94,13,-1.54
364,6,0.1,0.4,staggered,-3559.62,3557.249999999509,-1.0,191,31.94,13,-1.54
365,6,0.1,0.6,traditional,-3559.62,3557.249999999509,-1.0,191,31.94,13,-1.54
366,6,0.1,0.6,staggered,-3559.62,3557.249999999509,-1.0,191,31.94,13,-1.54
367,6,0.1,0.8,traditional,-3559.62,3557.249999999509,-1.0,191,31.94,13,-1.54
368,6,0.1,0.8,staggered,-3559.62,3557.249999999509,-1.0,191,31.94,13,-1.54
369,6,0.15,0.2,traditional,-3559.62,3557.249999999509,-1.0,191,31.94,13,-1.54
370,6,0.15,0.2,staggered,-3559.62,3557.249999999509,-1.0,191,31.94,13,-1.54
371,6,0.15,0.4,traditional,-3559.62,3557.249999999509,-1.0,191,31.94,13,-1.54
372,6,0.15,0.4,staggered,-3559.62,3557.249999999509,-1.0,191,31.94,13,-1.54
373,6,0.15,0.6,traditional,-3559.62,3557.249999999509,-1.0,191,31.94,13,-1.54
374,6,0.15,0.6,staggered,-3559.62,3557.249999999509,-1.0,191,31.94,13,-1.54
375,6,0.15,0.8,traditional,-3559.62,3557.249999999509,-1.0,191,31.94,13,-1.54
376,6,0.15,0.8,staggered,-3559.62,3557.249999999509,-1.0,191,31.94,13,-1.54
377,6,0.2,0.2,traditional,-3559.62,3557.249999999509,-1.0,191,31.94,13,-1.54
378,6,0.2,0.2,staggered,-3559.62,3557.249999999509,-1.0,191,31.94,13,-1.54
379,6,0.2,0.4,traditional,-3559.62,3557.249999999509,-1.0,191,31.94,13,-1.54
380,6,0.2,0.4,staggered,-3559.62,3557.249999999509,-1.0,191,31.94,13,-1.54
381,6,0.2,0.6,traditional,-3559.62,3557.249999999509,-1.0,191,31.94,13,-1.54
382,6,0.2,0.6,staggered,-3559.62,3557.249999999509,-1.0,191,31.94,13,-1.54
383,6,0.2,0.8,traditional,-3559.62,3557.249999999509,-1.0,191,31.94,13,-1.54
384,6,0.2,0.8,staggered,-3559.62,3557.249999999509,-1.0,191,31.94,13,-1.54
385,6,0.25,0.2,traditional,-3559.62,3557.249999999509,-1.0,191,31.94,13,-1.54
386,6,0.25,0.2,staggered,-3559.62,3557.249999999509,-1.0,191,31.94,13,-1.54
387,6,0.25,0.4,traditional,-3559.62,3557.249999999509,-1.0,191,31.94,13,-1.54
388,6,0.25,0.4,staggered,-3559.62,3557.249999999509,-1.0,191,31.94,13,-1.54
389,6,0.25,0.6,traditional,-3559.62,3557.249999999509,-1.0,191,31.94,13,-1.54
390,6,0.25,0.6,staggered,-3559.62,3557.249999999509,-1.0,191,31.94,13,-1.54
391,6,0.25,0.8,traditional,-3559.62,3557.249999999509,-1.0,191,31.94,13,-1.54
392,6,0.25,0.8,staggered,-3559.62,3557.249999999509,-1.0,191,31.94,13,-1.54
393,6,0.3,0.2,traditional,-3559.62,3557.249999999509,-1.0,191,31.94,13,-1.54
394,6,0.3,0.2,staggered,-3559.62,3557.249999999509,-1.0,191,31.94,13,-1.54
395,6,0.3,0.4,traditional,-3559.62,3557.249999999509,-1.0,191,31.94,13,-1.54
396,6,0.3,0.4,staggered,-3559.62,3557.249999999509,-1.0,191,31.94,13,-1.54
397,6,0.3,0.6,traditional,-3559.62,3557.249999999509,-1.0,191,31.94,13,-1.54
398,6,0.3,0.6,staggered,-3559.62,3557.249999999509,-1.0,191,31.94,13,-1.54
399,6,0.3,0.8,traditional,-3559.62,3557.249999999509,-1.0,191,31.94,13,-1.54
400,6,0.3,0.8,staggered,-3559.62,3557.249999999509,-1.0,191,31.94,13,-1.54
401,6,0.35,0.2,traditional,-3559.62,3557.249999999509,-1.0,191,31.94,13,-1.54
402,6,0.35,0.2,staggered,-3559.62,3557.249999999509,-1.0,191,31.94,13,-1.54
403,6,0.35,0.4,traditional,-3559.62,3557.249999999509,-1.0,191,31.94,13,-1.54
404,6,0.35,0.4,staggered,-3559.62,3557.249999999509,-1.0,191,31.94,13,-1.54
405,6,0.35,0.6,traditional,-3559.62,3557.249999999509,-1.0,191,31.94,13,-1.54
406,6,0.35,0.6,staggered,-3559.62,3557.249999999509,-1.0,191,31.94,13,-1.54
407,6,0.35,0.8,traditional,-3559.62,3557.249999999509,-1.0,191,31.94,13,-1.54
408,6,0.35,0.8,staggered,-3559.62,3557.249999999509,-1.0,191,31.94,13,-1.54
409,6,0.4,0.2,traditional,-3559.62,3557.249999999509,-1.0,191,31.94,13,-1.54
410,6,0.4,0.2,staggered,-3559.62,3557.249999999509,-1.0,191,31.94,13,-1.54
411,6,0.4,0.4,traditional,-3559.62,3557.249999999509,-1.0,191,31.94,13,-1.54
412,6,0.4,0.4,staggered,-3559.62,3557.249999999509,-1.0,191,31.94,13,-1.54
413,6,0.4,0.6,traditional,-3559.62,3557.249999999509,-1.0,191,31.94,13,-1.54
414,6,0.4,0.6,staggered,-3559.62,3557.249999999509,-1.0,191,31.94,13,-1.54
415,6,0.4,0.8,traditional,-3559.62,3557.249999999509,-1.0,191,31.94,13,-1.54
416,6,0.4,0.8,staggered,-3559.62,3557.249999999509,-1.0,191,31.94,13,-1.54
417,6,0.45,0.2,traditional,-3559.62,3557.249999999509,-1.0,191,31.94,13,-1.54
418,6,0.45,0.2,staggered,-3559.62,3557.249999999509,-1.0,191,31.94,13,-1.54
419,6,0.45,0.4,traditional,-3559.62,3557.249999999509,-1.0,191,31.94,13,-1.54
420,6,0.45,0.4,staggered,-3559.62,3557.249999999509,-1.0,191,31.94,13,-1.54
421,6,0.45,0.6,traditional,-3559.62,3557.249999999509,-1.0,191,31.94,13,-1.54
422,6,0.45,0.6,staggered,-3559.62,3557.249999999509,-1.0,191,31.94,13,-1.54
423,6,0.45,0.8,traditional,-3559.62,3557.249999999509,-1.0,191,31.94,13,-1.54
424,6,0.45,0.8,staggered,-3559.62,3557.249999999509,-1.0,191,31.94,13,-1.54
425,6,0.5,0.2,traditional,-3559.62,3557.249999999509,-1.0,191,31.94,13,-1.54
426,6,0.5,0.2,staggered,-3559.62,3557.249999999509,-1.0,191,31.94,13,-1.54
427,6,0.5,0.4,traditional,-3559.62,3557.249999999509,-1.0,191,31.94,13,-1.54
428,6,0.5,0.4,staggered,-3559.62,3557.249999999509,-1.0,191,31.94,13,-1.54
429,6,0.5,0.6,traditional,-3559.62,3557.249999999509,-1.0,191,31.94,13,-1.54
430,6,0.5,0.6,staggered,-3559.62,3557.249999999509,-1.0,191,31.94,13,-1.54
431,6,0.5,0.8,traditional,-3559.62,3557.249999999509,-1.0,191,31.94,13,-1.54
432,6,0.5,0.8,staggered,-3559.62,3557.249999999509,-1.0,191,31.94,13,-1.54
433,10,0.1,0.2,traditional,-3559.62,3557.249999999509,-1.0,191,31.94,13,-1.54
434,10,0.1,0.2,staggered,-3559.62,3557.249999999509,-1.0,191,31.94,13,-1.54
435,10,0.1,0.4,traditional,-3559.62,3557.249999999509,-1.0,191,31.94,13,-1.54
436,10,0.1,0.4,staggered,-3559.62,3557.249999999509,-1.0,191,31.94,13,-1.54
437,10,0.1,0.6,traditional,-3559.62,3557.249999999509,-1.0,191,31.94,13,-1.54
438,10,0.1,0.6,staggered,-3559.62,3557.249999999509,-1.0,191,31.94,13,-1.54
439,10,0.1,0.8,traditional,-3559.62,3557.249999999509,-1.0,191,31.94,13,-1.54
440,10,0.1,0.8,staggered,-3559.62,3557.249999999509,-1.0,191,31.94,13,-1.54
441,10,0.15,0.2,traditional,-3559.62,3557.249999999509,-1.0,191,31.94,13,-1.54
442,10,0.15,0.2,staggered,-3559.62,3557.249999999509,-1.0,191,31.94,13,-1.54
443,10,0.15,0.4,traditional,-3559.62,3557.249999999509,-1.0,191,31.94,13,-1.54
444,10,0.15,0.4,staggered,-3559.62,3557.249999999509,-1.0,191,31.94,13,-1.54
445,10,0.15,0.6,traditional,-3559.62,3557.249999999509,-1.0,191,31.94,13,-1.54
446,10,0.15,0.6,staggered,-3559.62,3557.249999999509,-1.0,191,31.94,13,-1.54
447,10,0.15,0.8,traditional,-3559.62,3557.249999999509,-1.0,191,31.94,13,-1.54
448,10,0.15,0.8,staggered,-3559.62,3557.249999999509,-1.0,191,31.94,13,-1.54
449,10,0.2,0.2,traditional,-3559.62,3557.249999999509,-1.0,191,31.94,13,-1.54
450,10,0.2,0.2,staggered,-3559.62,3557.249999999509,-1.0,191,31.94,13,-1.54
451,10,0.2,0.4,traditional,-3559.62,3557.249999999509,-1.0,191,31.94,13,-1.54
452,10,0.2,0.4,staggered,-3559.62,3557.249999999509,-1.0,191,31.94,13,-1.54
453,10,0.2,0.6,traditional,-3559.62,3557.249999999509,-1.0,191,31.94,13,-1.54
454,10,0.2,0.6,staggered,-3559.62,3557.249999999509,-1.0,191,31.94,13,-1.54
455,10,0.2,0.8,traditional,-3559.62,3557.249999999509,-1.0,191,31.94,13,-1.54
456,10,0.2,0.8,staggered,-3559.62,3557.249999999509,-1.0,191,31.94,13,-1.54
457,10,0.25,0.2,traditional,-3559.62,3557.249999999509,-1.0,191,31.94,13,-1.54
458,10,0.25,0.2,staggered,-3559.62,3557.249999999509,-1.0,191,31.94,13,-1.54
459,10,0.25,0.4,traditional,-3559.62,3557.249999999509,-1.0,191,31.94,13,-1.54
460,10,0.25,0.4,staggered,-3559.62,3557.249999999509,-1.0,191,31.94,13,-1.54
461,10,0.25,0.6,traditional,-3559.62,3557.249999999509,-1.0,191,31.94,13,-1.54
462,10,0.25,0.6,staggered,-3559.62,3557.249999999509,-1.0,191,31.94,13,-1.54
463,10,0.25,0.8,traditional,-3559.62,3557.249999999509,-1.0,191,31.94,13,-1.54
464,10,0.25,0.8,staggered,-3559.62,3557.249999999509,-1.0,191,31.94,13,-1.54
465,10,0.3,0.2,traditional,-3559.62,3557.249999999509,-1.0,191,31.94,13,-1.54
466,10,0.3,0.2,staggered,-3559.62,3557.249999999509,-1.0,191,31.94,13,-1.54
467,10,0.3,0.4,traditional,-3559.62,3557.249999999509,-1.0,191,31.94,13,-1.54
468,10,0.3,0.4,staggered,-3559.62,3557.249999999509,-1.0,191,31.94,13,-1.54
469,10,0.3,0.6,traditional,-3559.62,3557.249999999509,-1.0,191,31.94,13,-1.54
470,10,0.3,0.6,staggered,-3559.62,3557.249999999509,-1.0,191,31.94,13,-1.54
471,10,0.3,0.8,traditional,-3559.62,3557.249999999509,-1.0,191,31.94,13,-1.54
472,10,0.3,0.8,staggered,-3559.62,3557.249999999509,-1.0,191,31.94,13,-1.54
473,10,0.35,0.2,traditional,-3559.62,3557.249999999509,-1.0,191,31.94,13,-1.54
474,10,0.35,0.2,staggered,-3559.62,3557.249999999509,-1.0,191,31.94,13,-1.54
475,10,0.35,0.4,traditional,-3559.62,3557.249999999509,-1.0,191,31.94,13,-1.54
476,10,0.35,0.4,staggered,-3559.62,3557.249999999509,-1.0,191,31.94,13,-1.54
477,10,0.35,0.6,traditional,-3559.62,3557.249999999509,-1.0,191,31.94,13,-1.54
478,10,0.35,0.6,staggered,-3559.62,3557.249999999509,-1.0,191,31.94,13,-1.54
479,10,0.35,0.8,traditional,-3559.62,3557.249999999509,-1.0,191,31.94,13,-1.54
480,10,0.35,0.8,staggered,-3559.62,3557.249999999509,-1.0,191,31.94,13,-1.54
481,10,0.4,0.2,traditional,-3559.62,3557.249999999509,-1.0,191,31.94,13,-1.54
482,10,0.4,0.2,staggered,-3559.62,3557.249999999509,-1.0,191,31.94,13,-1.54
483,10,0.4,0.4,traditional,-3559.62,3557.249999999509,-1.0,191,31.94,13,-1.54
484,10,0.4,0.4,staggered,-3559.62,3557.249999999509,-1.0,191,31.94,13,-1.54
485,10,0.4,0.6,traditional,-3559.62,3557.249999999509,-1.0,191,31.94,13,-1.54
486,10,0.4,0.6,staggered,-3559.62,3557.249999999509,-1.0,191,31.94,13,-1.54
487,10,0.4,0.8,traditional,-3559.62,3557.249999999509,-1.0,191,31.94,13,-1.54
488,10,0.4,0.8,staggered,-3559.62,3557.249999999509,-1.0,191,31.94,13,-1.54
489,10,0.45,0.2,traditional,-3559.62,3557.249999999509,-1.0,191,31.94,13,-1.54
490,10,0.45,0.2,staggered,-3559.62,3557.249999999509,-1.0,191,31.94,13,-1.54
491,10,0.45,0.4,traditional,-3559.62,3557.249999999509,-1.0,191,31.94,13,-1.54
492,10,0.45,0.4,staggered,-3559.62,3557.249999999509,-1.0,191,31.94,13,-1.54
493,10,0.45,0.6,traditional,-3559.62,3557.249999999509,-1.0,191,31.94,13,-1.54
494,10,0.45,0.6,staggered,-3559.62,3557.249999999509,-1.0,191,31.94,13,-1.54
495,10,0.45,0.8,traditional,-3559.62,3557.249999999509,-1.0,191,31.94,13,-1.54
496,10,0.45,0.8,staggered,-3559.62,3557.249999999509,-1.0,191,31.94,13,-1.54
497,10,0.5,0.2,traditional,-3559.62,3557.249999999509,-1.0,191,31.94,13,-1.54
498,10,0.5,0.2,staggered,-3559.62,3557.249999999509,-1.0,191,31.94,13,-1.54
499,10,0.5,0.4,traditional,-3559.62,3557.249999999509,-1.0,191,31.94,13,-1.54
500,10,0.5,0.4,staggered,-3559.62,3557.249999999509,-1.0,191,31.94,13,-1.54
501,10,0.5,0.6,traditional,-3559.62,3557.249999999509,-1.0,191,31.94,13,-1.54
502,10,0.5,0.6,staggered,-3559.62,3557.249999999509,-1.0,191,31.94,13,-1.54
503,10,0.5,0.8,traditional,-3559.62,3557.249999999509,-1.0,191,31.94,13,-1.54
504,10,0.5,0.8,staggered,-3559.62,3557.249999999509,-1.0,191,31.94,13,-1.54
505,15,0.1,0.2,traditional,-3559.62,3557.249999999509,-1.0,191,31.94,13,-1.54
506,15,0.1,0.2,staggered,-3559.62,3557.249999999509,-1.0,191,31.94,13,-1.54
507,15,0.1,0.4,traditional,-3559.62,3557.249999999509,-1.0,191,31.94,13,-1.54
508,15,0.1,0.4,staggered,-3559.62,3557.249999999509,-1.0,191,31.94,13,-1.54
509,15,0.1,0.6,traditional,-3559.62,3557.249999999509,-1.0,191,31.94,13,-1.54
510,15,0.1,0.6,staggered,-3559.62,3557.249999999509,-1.0,191,31.94,13,-1.54
511,15,0.1,0.8,traditional,-3559.62,3557.249999999509,-1.0,191,31.94,13,-1.54
512,15,0.1,0.8,staggered,-3559.62,3557.249999999509,-1.0,191,31.94,13,-1.54
513,15,0.15,0.2,traditional,-3559.62,3557.249999999509,-1.0,191,31.94,13,-1.54
514,15,0.15,0.2,staggered,-3559.62,3557.249999999509,-1.0,191,31.94,13,-1.54
515,15,0.15,0.4,traditional,-3559.62,3557.249999999509,-1.0,191,31.94,13,-1.54
516,15,0.15,0.4,staggered,-3559.62,3557.249999999509,-1.0,191,31.94,13,-1.54
517,15,0.15,0.6,traditional,-3559.62,3557.249999999509,-1.0,191,31.94,13,-1.54
518,15,0.15,0.6,staggered,-3559.62,3557.249999999509,-1.0,191,31.94,13,-1.54
519,15,0.15,0.8,traditional,-3559.62,3557.249999999509,-1.0,191,31.94,13,-1.54
520,15,0.15,0.8,staggered,-3559.62,3557.249999999509,-1.0,191,31.94,13,-1.54
521,15,0.2,0.2,traditional,-3559.62,3557.249999999509,-1.0,191,31.94,13,-1.54
522,15,0.2,0.2,staggered,-3559.62,3557.249999999509,-1.0,191,31.94,13,-1.54
523,15,0.2,0.4,traditional,-3559.62,3557.249999999509,-1.0,191,31.94,13,-1.54
524,15,0.2,0.4,staggered,-3559.62,3557.249999999509,-1.0,191,31.94,13,-1.54
525,15,0.2,0.6,traditional,-3559.62,3557.249999999509,-1.0,191,31.94,13,-1.54
526,15,0.2,0.6,staggered,-3559.62,3557.249999999509,-1.0,191,31.94,13,-1.54
527,15,0.2,0.8,traditional,-3559.62,3557.249999999509,-1.0,191,31.94,13,-1.54
528,15,0.2,0.8,staggered,-3559.62,3557.249999999509,-1.0,191,31.94,13,-1.54
529,15,0.25,0.2,traditional,-3559.62,3557.249999999509,-1.0,191,31.94,13,-1.54
530,15,0.25,0.2,staggered,-3559.62,3557.249999999509,-1.0,191,31.94,13,-1.54
531,15,0.25,0.4,traditional,-3559.62,3557.249999999509,-1.0,191,31.94,13,-1.54
532,15,0.25,0.4,staggered,-3559.62,3557.249999999509,-1.0,191,31.94,13,-1.54
533,15,0.25,0.6,traditional,-3559.62,3557.249999999509,-1.0,191,31.94,13,-1.54
534,15,0.25,0.6,staggered,-3559.62,3557.249999999509,-1.0,191,31.94,13,-1.54
535,15,0.25,0.8,traditional,-3559.62,3557.249999999509,-1.0,191,31.94,13,-1.54
536,15,0.25,0.8,staggered,-3559.62,3557.249999999509,-1.0,191,31.94,13,-1.54
537,15,0.3,0.2,traditional,-3559.62,3557.249999999509,-1.0,191,31.94,13,-1.54
538,15,0.3,0.2,staggered,-3559.62,3557.249999999509,-1.0,191,31.94,13,-1.54
539,15,0.3,0.4,traditional,-3559.62,3557.249999999509,-1.0,191,31.94,13,-1.54
540,15,0.3,0.4,staggered,-3559.62,3557.249999999509,-1.0,191,31.94,13,-1.54
541,15,0.3,0.6,traditional,-3559.62,3557.249999999509,-1.0,191,31.94,13,-1.54
542,15,0.3,0.6,staggered,-3559.62,3557.249999999509,-1.0,191,31.94,13,-1.54
543,15,0.3,0.8,traditional,-3559.62,3557.249999999509,-1.0,191,31.94,13,-1.54
544,15,0.3,0.8,staggered,-3559.62,3557.249999999509,-1.0,191,31.94,13,-1.54
545,15,0.35,0.2,traditional,-3559.62,3557.249999999509,-1.0,191,31.94,13,-1.54
546,15,0.35,0.2,staggered,-3559.62,3557.249999999509,-1.0,191,31.94,13,-1.54
547,15,0.35,0.4,traditional,-3559.62,3557.249999999509,-1.0,191,31.94,13,-1.54
548,15,0.35,0.4,staggered,-3559.62,3557.249999999509,-1.0,191,31.94,13,-1.54
549,15,0.35,0.6,traditional,-3559.62,3557.249999999509,-1.0,191,31.94,13,-1.54
550,15,0.35,0.6,staggered,-3559.62,3557.249999999509,-1.0,191,31.94,13,-1.54
551,15,0.35,0.8,traditional,-3559.62,3557.249999999509,-1.0,191,31.94,13,-1.54
552,15,0.35,0.8,staggered,-3559.62,3557.249999999509,-1.0,191,31.94,13,-1.54
553,15,0.4,0.2,traditional,-3559.62,3557.249999999509,-1.0,191,31.94,13,-1.54
554,15,0.4,0.2,staggered,-3559.62,3557.249999999509,-1.0,191,31.94,13,-1.54
555,15,0.4,0.4,traditional,-3559.62,3557.249999999509,-1.0,191,31.94,13,-1.54
556,15,0.4,0.4,staggered,-3559.62,3557.249999999509,-1.0,191,31.94,13,-1.54
557,15,0.4,0.6,traditional,-3559.62,3557.249999999509,-1.0,191,31.94,13,-1.54
558,15,0.4,0.6,staggered,-3559.62,3557.249999999509,-1.0,191,31.94,13,-1.54
559,15,0.4,0.8,traditional,-3559.62,3557.249999999509,-1.0,191,31.94,13,-1.54
560,15,0.4,0.8,staggered,-3559.62,3557.249999999509,-1.0,191,31.94,13,-1.54
561,15,0.45,0.2,traditional,-3559.62,3557.249999999509,-1.0,191,31.94,13,-1.54
562,15,0.45,0.2,staggered,-3559.62,3557.249999999509,-1.0,191,31.94,13,-1.54
563,15,0.45,0.4,traditional,-3559.62,3557.249999999509,-1.0,191,31.94,13,-1.54
564,15,0.45,0.4,staggered,-3559.62,3557.249999999509,-1.0,191,31.94,13,-1.54
565,15,0.45,0.6,traditional,-3559.62,3557.249999999509,-1.0,191,31.94,13,-1.54
566,15,0.45,0.6,staggered,-3559.62,3557.249999999509,-1.0,191,31.94,13,-1.54
567,15,0.45,0.8,traditional,-3559.62,3557.249999999509,-1.0,191,31.94,13,-1.54
568,15,0.45,0.8,staggered,-3559.62,3557.249999999509,-1.0,191,31.94,13,-1.54
569,15,0.5,0.2,traditional,-3559.62,3557.249999999509,-1.0,191,31.94,13,-1.54
570,15,0.5,0.2,staggered,-3559.62,3557.249999999509,-1.0,191,31.94,13,-1.54
571,15,0.5,0.4,traditional,-3559.62,3557.249999999509,-1.0,191,31.94,13,-1.54
572,15,0.5,0.4,staggered,-3559.62,3557.249999999509,-1.0,191,31.94,13,-1.54
573,15,0.5,0.6,traditional,-3559.62,3557.249999999509,-1.0,191,31.94,13,-1.54
574,15,0.5,0.6,staggered,-3559.62,3557.249999999509,-1.0,191,31.94,13,-1.54
575,15,0.5,0.8,traditional,-3559.62,3557.249999999509,-1.0,191,31.94,13,-1.54
576,15,0.5,0.8,staggered,-3559.62,3557.249999999509,-1.0,191,31.94,13,-1.54
577,30,0.1,0.2,traditional,-3559.62,3557.249999999509,-1.0,191,31.94,13,-1.54
578,30,0.1,0.2,staggered,-3559.62,3557.249999999509,-1.0,191,31.94,13,-1.54
579,30,0.1,0.4,traditional,-3559.62,3557.249999999509,-1.0,191,31.94,13,-1.54
580,30,0.1,0.4,staggered,-3559.62,3557.249999999509,-1.0,191,31.94,13,-1.54
581,30,0.1,0.6,traditional,-3559.62,3557.249999999509,-1.0,191,31.94,13,-1.54
582,30,0.1,0.6,staggered,-3559.62,3557.249999999509,-1.0,191,31.94,13,-1.54
583,30,0.1,0.8,traditional,-3559.62,3557.249999999509,-1.0,191,31.94,13,-1.54
584,30,0.1,0.8,staggered,-3559.62,3557.249999999509,-1.0,191,31.94,13,-1.54
585,30,0.15,0.2,traditional,-3559.62,3557.249999999509,-1.0,191,31.94,13,-1.54
586,30,0.15,0.2,staggered,-3559.62,3557.249999999509,-1.0,191,31.94,13,-1.54
587,30,0.15,0.4,traditional,-3559.62,3557.249999999509,-1.0,191,31.94,13,-1.54
588,30,0.15,0.4,staggered,-3559.62,3557.249999999509,-1.0,191,31.94,13,-1.54
589,30,0.15,0.6,traditional,-3559.62,3557.249999999509,-1.0,191,31.94,13,-1.54
590,30,0.15,0.6,staggered,-3559.62,3557.249999999509,-1.0,191,31.94,13,-1.54
591,30,0.15,0.8,traditional,-3559.62,3557.249999999509,-1.0,191,31.94,13,-1.54
592,30,0.15,0.8,staggered,-3559.62,3557.249999999509,-1.0,191,31.94,13,-1.54
593,30,0.2,0.2,traditional,-3559.62,3557.249999999509,-1.0,191,31.94,13,-1.54
594,30,0.2,0.2,staggered,-3559.62,3557.249999999509,-1.0,191,31.94,13,-1.54
595,30,0.2,0.4,traditional,-3559.62,3557.249999999509,-1.0,191,31.94,13,-1.54
596,30,0.2,0.4,staggered,-3559.62,3557.249999999509,-1.0,191,31.94,13,-1.54
597,30,0.2,0.6,traditional,-3559.62,3557.249999999509,-1.0,191,31.94,13,-1.54
598,30,0.2,0.6,staggered,-3559.62,3557.249999999509,-1.0,191,31.94,13,-1.54
599,30,0.2,0.8,traditional,-3559.62,3557.249999999509,-1.0,191,31.94,13,-1.54
600,30,0.2,0.8,staggered,-3559.62,3557.249999999509,-1.0,191,31.94,13,-1.54
601,30,0.25,0.2,traditional,-3559.62,3557.249999999509,-1.0,191,31.94,13,-1.54
602,30,0.25,0.2,staggered,-3559.62,3557.249999999509,-1.0,191,31.94,13,-1.54
603,30,0.25,0.4,traditional,-3559.62,3557.249999999509,-1.0,191,31.94,13,-1.54
604,30,0.25,0.4,staggered,-3559.62,3557.249999999509,-1.0,191,31.94,13,-1.54
605,30,0.25,0.6,traditional,-3559.62,3557.249999999509,-1.0,191,31.94,13,-1.54
606,30,0.25,0.6,staggered,-3559.62,3557.249999999509,-1.0,191,31.94,13,-1.54
607,30,0.25,0.8,traditional,-3559.62,3557.249999999509,-1.0,191,31.94,13,-1.54
608,30,0.25,0.8,staggered,-3559.62,3557.249999999509,-1.0,191,31.94,13,-1.54
609,30,0.3,0.2,traditional,-3559.62,3557.249999999509,-1.0,191,31.94,13,-1.54
610,30,0.3,0.2,staggered,-3559.62,3557.249999999509,-1.0,191,31.94,13,-1.54
611,30,0.3,0.4,traditional,-3559.62,3557.249999999509,-1.0,191,31.94,13,-1.54
612,30,0.3,0.4,staggered,-3559.62,3557.249999999509,-1.0,191,31.94,13,-1.54
613,30,0.3,0.6,traditional,-3559.62,3557.249999999509,-1.0,191,31.94,13,-1.54
614,30,0.3,0.6,staggered,-3559.62,3557.249999999509,-1.0,191,31.94,13,-1.54
615,30,0.3,0.8,traditional,-3559.62,3557.249999999509,-1.0,191,31.94,13,-1.54
616,30,0.3,0.8,staggered,-3559.62,3557.249999999509,-1.0,191,31.94,13,-1.54
617,30,0.35,0.2,traditional,-3559.62,3557.249999999509,-1.0,191,31.94,13,-1.54
618,30,0.35,0.2,staggered,-3559.62,3557.249999999509,-1.0,191,31.94,13,-1.54
619,30,0.35,0.4,traditional,-3559.62,3557.249999999509,-1.0,191,31.94,13,-1.54
620,30,0.35,0.4,staggered,-3559.62,3557.249999999509,-1.0,191,31.94,13,-1.54
621,30,0.35,0.6,traditional,-3559.62,3557.249999999509,-1.0,191,31.94,13,-1.54
622,30,0.35,0.6,staggered,-3559.62,3557.249999999509,-1.0,191,31.94,13,-1.54
623,30,0.35,0.8,traditional,-3559.62,3557.249999999509,-1.0,191,31.94,13,-1.54
624,30,0.35,0.8,staggered,-3559.62,3557.249999999509,-1.0,191,31.94,13,-1.54
625,30,0.4,0.2,traditional,-3559.62,3557.249999999509,-1.0,191,31.94,13,-1.54
626,30,0.4,0.2,staggered,-3559.62,3557.249999999509,-1.0,191,31.94,13,-1.54
627,30,0.4,0.4,traditional,-3559.62,3557.249999999509,-1.0,191,31.94,13,-1.54
628,30,0.4,0.4,staggered,-3559.62,3557.249999999509,-1.0,191,31.94,13,-1.54
629,30,0.4,0.6,traditional,-3559.62,3557.249999999509,-1.0,191,31.94,13,-1.54
630,30,0.4,0.6,staggered,-3559.62,3557.249999999509,-1.0,191,31.94,13,-1.54
631,30,0.4,0.8,traditional,-3559.62,3557.249999999509,-1.0,191,31.94,13,-1.54
632,30,0.4,0.8,staggered,-3559.62,3557.249999999509,-1.0,191,31.94,13,-1.54
633,30,0.45,0.2,traditional,-3559.62,3557.249999999509,-1.0,191,31.94,13,-1.54
634,30,0.45,0.2,staggered,-3559.62,3557.249999999509,-1.0,191,31.94,13,-1.54
635,30,0.45,0.4,traditional,-3559.62,3557.249999999509,-1.0,191,31.94,13,-1.54
636,30,0.45,0.4,staggered,-3559.62,3557.249999999509,-1.0,191,31.94,13,-1.54
637,30,0.45,0.6,traditional,-3559.62,3557.249999999509,-1.0,191,31.94,13,-1.54
638,30,0.45,0.6,staggered,-3559.62,3557.249999999509,-1.0,191,31.94,13,-1.54
639,30,0.45,0.8,traditional,-3559.62,3557.249999999509,-1.0,191,31.94,13,-1.54
640,30,0.45,0.8,staggered,-3559.62,3557.249999999509,-1.0,191,31.94,13,-1.54
641,30,0.5,0.2,traditional,-3559.62,3557.249999999509,-1.0,191,31.94,13,-1.54
642,30,0.5,0.2,staggered,-3559.62,3557.249999999509,-1.0,191,31.94,13,-1.54
643,30,0.5,0.4,traditional,-3559.62,3557.249999999509,-1.0,191,31.94,13,-1.54
644,30,0.5,0.4,staggered,-3559.62,3557.249999999509,-1.0,191,31.94,13,-1.54
645,30,0.5,0.6,traditional,-3559.62,3557.249999999509,-1.0,191,31.94,13,-1.54
646,30,0.5,0.6,staggered,-3559.62,3557.249999999509,-1.0,191,31.94,13,-1.54
647,30,0.5,0.8,traditional,-3559.62,3557.249999999509,-1.0,191,31.94,13,-1.54
648,30,0.5,0.8,staggered,-3559.62,3557.249999999509,-1.0,191,31.94,13,-1.54
