date,type,lots,price,S/L,T/P,commission,comment,profit,net profit,accumulated profit,max profit
2019-01-31 09:53:20,Buy,1,54.96,54.7,55.36,2.37,entry_buy,0,-2.37,9997.63,9997.63
2019-01-31 10:51:22,Sell,1,55.36,54.7,55.36,2.37,take profit,399.9999999999986,397.6299999999986,10395.259999999998,10395.259999999998
2019-02-01 10:52:30,Buy,1,54.61,54.21,55.01,2.37,entry_buy,0,-2.37,10392.89,10395.259999999998
2019-02-01 12:35:12,Sell,1,55.01,54.21,55.01,2.37,take profit,399.9999999999986,397.6299999999986,10790.519999999997,10790.519999999997
2019-02-04 10:00:00,Sell,1,54.09,54.35,53.690000000000005,2.37,entry_sell,0,-2.37,10788.149999999998,10790.519999999997
2019-02-04 10:03:03,Buy,1,53.690000000000005,54.35,53.690000000000005,2.37,take profit,399.9999999999986,397.6299999999986,11185.779999999995,11185.779999999995
2019-02-07 09:45:45,Sell,1,53.330000000000005,53.72,52.93000000000001,2.37,entry_sell,0,-2.37,11183.409999999996,11185.779999999995
2019-02-07 10:55:43,Buy,1,52.93000000000001,53.72,52.93000000000001,2.37,take profit,399.9999999999986,397.6299999999986,11581.039999999994,11581.039999999994
2019-02-08 09:46:52,Sell,1,52.510000000000005,52.97,52.11000000000001,2.37,entry_sell,0,-2.37,11578.669999999995,11581.039999999994
2019-02-08 15:45:00,Buy,1,52.63,52.97,52.11000000000001,2.37,time exit,-119.99999999999744,-122.36999999999745,11456.299999999997,11581.039999999994
2019-02-11 09:50:07,Sell,1,51.410000000000004,51.65,51.010000000000005,2.37,entry_sell,0,-2.37,11453.929999999997,11581.039999999994
2019-02-11 10:02:05,Buy,1,51.65,51.65,51.010000000000005,2.37,stop loss,-239.99999999999488,-242.3699999999949,11211.560000000001,11581.039999999994
2019-02-12 09:46:40,Sell,1,53.72,54.01,53.32,2.37,entry_sell,0,-2.37,11209.190000000002,11581.039999999994
2019-02-12 10:28:12,Buy,1,53.32,54.01,53.32,2.37,take profit,399.9999999999986,397.6299999999986,11606.820000000002,11606.820000000002
2019-02-13 10:06:39,Buy,1,54.15,53.73,54.55,2.37,entry_buy,0,-2.37,11604.45,11606.820000000002
2019-02-13 11:04:40,Sell,1,54.55,53.73,54.55,2.37,take profit,399.9999999999986,397.6299999999986,12002.08,12002.08
2019-02-15 09:46:04,Buy,1,55.91,55.65,56.309999999999995,2.37,entry_buy,0,-2.37,11999.71,12002.08
2019-02-15 09:56:18,Sell,1,55.65,55.65,56.309999999999995,2.37,stop loss,-259.999999999998,-262.369999999998,11737.340000000002,12002.08
2019-02-18 09:45:24,Buy,1,56.43,56.27,56.83,2.37,entry_buy,0,-2.37,11734.970000000001,12002.08
2019-02-18 11:03:48,Sell,1,56.27,56.27,56.83,2.37,stop loss,-159.9999999999966,-162.3699999999966,11572.600000000006,12002.08
2019-02-19 09:45:21,Buy,1,55.98,55.67,56.379999999999995,2.37,entry_buy,0,-2.37,11570.230000000005,12002.08
2019-02-19 10:14:02,Sell,1,56.379999999999995,55.67,56.379999999999995,2.37,take profit,399.9999999999986,397.6299999999986,11967.860000000004,12002.08
2019-02-20 09:48:03,Buy,1,56.3,56.12,56.699999999999996,2.37,entry_buy,0,-2.37,11965.490000000003,12002.08
2019-02-20 10:30:58,Sell,1,56.699999999999996,56.12,56.699999999999996,2.37,take profit,399.9999999999986,397.6299999999986,12363.120000000003,12363.120000000003
2019-02-21 10:01:00,Sell,1,56.93,57.18,56.53,2.37,entry_sell,0,-2.37,12360.750000000002,12363.120000000003
2019-02-21 15:45:00,Buy,1,56.84,57.18,56.53,2.37,time exit,89.9999999999963,87.6299999999963,12448.38,12448.38
2019-02-22 09:46:13,Buy,1,57.53,57.32,57.93,2.37,entry_buy,0,-2.37,12446.009999999998,12448.38
2019-02-22 10:29:01,Sell,1,57.32,57.32,57.93,2.37,stop loss,-210.00000000000085,-212.37000000000086,12233.639999999998,12448.38
2019-02-25 10:00:37,Sell,1,56.11,56.36,55.71,2.37,entry_sell,0,-2.37,12231.269999999999,12448.38
2019-02-25 10:56:14,Buy,1,55.71,56.36,55.71,2.37,take profit,399.9999999999986,397.6299999999986,12628.899999999998,12628.899999999998
2019-02-26 10:09:25,Sell,1,55.53,55.85,55.13,2.37,entry_sell,0,-2.37,12626.529999999997,12628.899999999998
2019-02-26 10:18:55,Buy,1,55.85,55.85,55.13,2.37,stop loss,-320.0000000000003,-322.3700000000003,12304.159999999996,12628.899999999998
2019-02-27 09:48:41,Sell,1,56.57,56.8,56.17,2.37,entry_sell,0,-2.37,12301.789999999997,12628.899999999998
2019-02-27 10:30:25,Buy,1,56.8,56.8,56.17,2.37,stop loss,-229.99999999999687,-232.36999999999688,12069.42,12628.899999999998
2019-02-28 09:45:24,Buy,1,57.08,56.83,57.48,2.37,entry_buy,0,-2.37,12067.05,12628.899999999998
2019-02-28 10:05:06,Sell,1,56.83,56.83,57.48,2.37,stop loss,-250.0,-252.37,11814.68,12628.899999999998
2019-03-01 09:45:28,Buy,1,57.51,57.19,57.91,2.37,entry_buy,0,-2.37,11812.310000000001,12628.899999999998
2019-03-01 10:24:31,Sell,1,57.19,57.19,57.91,2.37,stop loss,-320.0000000000003,-322.3700000000003,11489.94,12628.899999999998
2019-03-04 09:45:07,Buy,1,56.989999999999995,56.66,57.38999999999999,2.37,entry_buy,0,-2.37,11487.57,12628.899999999998
2019-03-04 10:23:40,Sell,1,56.66,56.66,57.38999999999999,2.37,stop loss,-329.9999999999983,-332.3699999999983,11155.200000000003,12628.899999999998
2019-03-05 09:46:44,Sell,1,56.89,57.1,56.49,2.37,entry_sell,0,-2.37,11152.830000000002,12628.899999999998
2019-03-05 10:28:55,Buy,1,56.49,57.1,56.49,2.37,take profit,399.9999999999986,397.6299999999986,11550.460000000001,12628.899999999998
2019-03-06 09:47:33,Sell,1,55.97,56.19,55.57,2.37,entry_sell,0,-2.37,11548.09,12628.899999999998
2019-03-06 10:04:11,Buy,1,55.57,56.19,55.57,2.37,take profit,399.9999999999986,397.6299999999986,11945.72,12628.899999999998
2019-03-07 10:13:50,Sell,1,56.28,56.75,55.88,2.37,entry_sell,0,-2.37,11943.349999999999,12628.899999999998
2019-03-07 11:45:04,Buy,1,56.75,56.75,55.88,2.37,stop loss,-469.99999999999886,-472.36999999999887,11470.98,12628.899999999998
2019-03-08 09:54:11,Sell,1,54.81,55.06,54.410000000000004,2.37,entry_sell,0,-2.37,11468.61,12628.899999999998
2019-03-08 10:45:01,Buy,1,55.06,55.06,54.410000000000004,2.37,stop loss,-250.0,-252.37,11216.240000000002,12628.899999999998
2019-03-11 09:45:03,Sell,1,56.78,56.95,56.38,2.37,entry_sell,0,-2.37,11213.87,12628.899999999998
2019-03-11 10:04:04,Buy,1,56.95,56.95,56.38,2.37,stop loss,-170.0000000000017,-172.3700000000017,11041.5,12628.899999999998
2019-03-12 09:55:15,Buy,1,57.26,57.06,57.66,2.37,entry_buy,0,-2.37,11039.13,12628.899999999998
2019-03-12 12:22:40,Sell,1,57.06,57.06,57.66,2.37,stop loss,-199.99999999999574,-202.36999999999574,10836.760000000004,12628.899999999998
2019-03-13 09:45:22,Buy,1,57.769999999999996,57.65,58.169999999999995,2.37,entry_buy,0,-2.37,10834.390000000003,12628.899999999998
2019-03-13 13:28:40,Sell,1,58.169999999999995,57.65,58.169999999999995,2.37,take profit,399.9999999999986,397.6299999999986,11232.020000000002,12628.899999999998
2019-03-18 09:46:50,Buy,1,58.93,58.76,59.33,2.37,entry_buy,0,-2.37,11229.650000000001,12628.899999999998
2019-03-18 10:18:22,Sell,1,59.33,58.76,59.33,2.37,take profit,399.9999999999986,397.6299999999986,11627.28,12628.899999999998
2019-03-19 09:47:35,Sell,1,59.5,59.75,59.1,2.37,entry_sell,0,-2.37,11624.91,12628.899999999998
2019-03-19 10:59:41,Buy,1,59.1,59.75,59.1,2.37,take profit,399.9999999999986,397.6299999999986,12022.539999999999,12628.899999999998
2019-03-20 09:51:46,Buy,1,59.12,58.99,59.519999999999996,2.37,entry_buy,0,-2.37,12020.17,12628.899999999998
2019-03-20 10:30:00,Sell,1,59.519999999999996,58.99,59.519999999999996,2.37,take profit,399.9999999999986,397.6299999999986,12417.799999999997,12628.899999999998
2019-03-21 10:17:32,Sell,1,60.010000000000005,60.23,59.61000000000001,2.37,entry_sell,0,-2.37,12415.429999999998,12628.899999999998
2019-03-21 10:40:07,Buy,1,60.23,60.23,59.61000000000001,2.37,stop loss,-219.99999999999176,-222.36999999999176,12193.060000000007,12628.899999999998
2019-03-22 09:45:23,Sell,1,59.120000000000005,59.26,58.720000000000006,2.37,entry_sell,0,-2.37,12190.690000000006,12628.899999999998
2019-03-22 10:03:02,Buy,1,58.720000000000006,59.26,58.720000000000006,2.37,take profit,399.9999999999986,397.6299999999986,12588.320000000005,12628.899999999998
2019-03-25 10:03:09,Sell,1,58.550000000000004,58.98,58.150000000000006,2.37,entry_sell,0,-2.37,12585.950000000004,12628.899999999998
2019-03-25 11:28:13,Buy,1,58.98,58.98,58.150000000000006,2.37,stop loss,-429.9999999999926,-432.3699999999926,12153.580000000013,12628.899999999998
2019-03-26 09:58:06,Buy,1,60.309999999999995,60.11,60.709999999999994,2.37,entry_buy,0,-2.37,12151.210000000014,12628.899999999998
2019-03-26 10:08:50,Sell,1,60.11,60.11,60.709999999999994,2.37,stop loss,-199.99999999999574,-202.36999999999574,11948.840000000017,12628.899999999998
2019-03-27 09:55:16,Sell,1,60.03,60.22,59.63,2.37,entry_sell,0,-2.37,11946.470000000018,12628.899999999998
2019-03-27 10:34:25,Buy,1,59.63,60.22,59.63,2.37,take profit,399.9999999999986,397.6299999999986,12344.100000000017,12628.899999999998
2019-03-28 09:45:00,Buy,1,58.97,58.47,59.37,2.37,entry_buy,0,-2.37,12341.730000000016,12628.899999999998
2019-03-28 14:23:15,Sell,1,59.37,58.47,59.37,2.37,take profit,399.9999999999986,397.6299999999986,12739.360000000015,12739.360000000015
2019-03-29 09:46:30,Sell,1,60.15,60.45,59.75,2.37,entry_sell,0,-2.37,12736.990000000014,12739.360000000015
2019-03-29 10:44:56,Buy,1,59.75,60.45,59.75,2.37,take profit,399.9999999999986,397.6299999999986,13134.620000000014,13134.620000000014
2019-04-01 09:45:26,Sell,1,60.550000000000004,60.73,60.150000000000006,2.37,entry_sell,0,-2.37,13132.250000000015,13134.620000000014
2019-04-01 09:51:58,Buy,1,60.73,60.73,60.150000000000006,2.37,stop loss,-179.9999999999926,-182.36999999999261,12949.880000000021,13134.620000000014
2019-04-02 09:45:01,Buy,1,62.089999999999996,61.85,62.489999999999995,2.37,entry_buy,0,-2.37,12947.51000000002,13134.620000000014
2019-04-02 12:04:29,Sell,1,62.489999999999995,61.85,62.489999999999995,2.37,take profit,399.9999999999986,397.6299999999986,13345.14000000002,13345.14000000002
2019-04-04 09:47:52,Buy,1,62.46,62.3,62.86,2.37,entry_buy,0,-2.37,13342.77000000002,13345.14000000002
2019-04-04 10:10:53,Sell,1,62.3,62.3,62.86,2.37,stop loss,-160.0000000000037,-162.3700000000037,13180.400000000016,13345.14000000002
2019-04-05 09:51:07,Buy,1,62.6,62.39,63.0,2.37,entry_buy,0,-2.37,13178.030000000017,13345.14000000002
2019-04-05 13:51:07,Sell,1,63.0,62.39,63.0,2.37,take profit,399.9999999999986,397.6299999999986,13575.660000000014,13575.660000000014
2019-04-08 09:46:03,Buy,1,63.879999999999995,63.66,64.28,2.37,entry_buy,0,-2.37,13573.290000000015,13575.660000000014
2019-04-08 10:33:12,Sell,1,64.28,63.66,64.28,2.37,take profit,400.0000000000057,397.6300000000057,13970.92000000002,13970.92000000002
2019-04-09 10:02:32,Sell,1,63.92,64.23,63.52,2.37,entry_sell,0,-2.37,13968.550000000021,13970.92000000002
2019-04-09 10:22:04,Buy,1,64.23,64.23,63.52,2.37,stop loss,-310.0000000000023,-312.3700000000023,13656.180000000018,13970.92000000002
2019-04-10 09:46:07,Buy,1,64.44000000000001,64.27,64.84000000000002,2.37,entry_buy,0,-2.37,13653.81000000002,13970.92000000002
2019-04-10 10:07:35,Sell,1,64.27,64.27,64.84000000000002,2.37,stop loss,-170.00000000001592,-172.37000000001592,13481.440000000002,13970.92000000002
2019-04-11 09:45:04,Buy,1,64.14,63.96,64.54,2.37,entry_buy,0,-2.37,13479.070000000003,13970.92000000002
2019-04-11 09:55:03,Sell,1,63.96,63.96,64.54,2.37,stop loss,-179.99999999999972,-182.36999999999972,13296.700000000004,13970.92000000002
2019-04-12 09:48:07,Sell,1,64.1,64.35,63.699999999999996,2.37,entry_sell,0,-2.37,13294.330000000004,13970.92000000002
2019-04-15 09:56:59,Buy,1,63.57,63.57,62.940000000000005,2.37,stop loss,529.9999999999941,527.6299999999941,13821.959999999997,13970.92000000002
2019-04-15 09:57:00,Buy,1,63.58,63.35,63.98,2.37,entry_buy,0,-2.37,13819.589999999998,13970.92000000002
2019-04-15 10:35:10,Sell,1,63.35,63.35,63.98,2.37,stop loss,-229.99999999999687,-232.36999999999688,13587.220000000001,13970.92000000002
2019-04-17 09:56:50,Sell,1,64.19999999999999,64.39,63.79999999999999,2.37,entry_sell,0,-2.37,13584.850000000002,13970.92000000002
2019-04-17 14:15:24,Buy,1,63.79999999999999,64.39,63.79999999999999,2.37,take profit,399.9999999999986,397.6299999999986,13982.48,13982.48
2019-04-18 09:54:51,Sell,1,63.85,64.0,63.45,2.37,entry_sell,0,-2.37,13980.11,13982.48
2019-04-18 10:35:35,Buy,1,64.0,64.0,63.45,2.37,stop loss,-149.99999999999858,-152.36999999999858,13827.740000000002,13982.48
2019-04-22 10:00:59,Buy,1,65.65,65.45,66.05000000000001,2.37,entry_buy,0,-2.37,13825.370000000003,13982.48
2019-04-22 11:02:22,Sell,1,65.45,65.45,66.05000000000001,2.37,stop loss,-200.00000000000284,-202.37000000000285,13623.0,13982.48
2019-04-23 09:50:15,Buy,1,66.30000000000001,65.89,66.70000000000002,2.37,entry_buy,0,-2.37,13620.63,13982.48
2019-04-23 15:45:00,Sell,1,66.33,65.89,66.70000000000002,2.37,time exit,29.999999999986926,27.629999999986925,13648.259999999986,13982.48
2019-04-24 09:45:58,Sell,1,66.25,66.43,65.85,2.37,entry_sell,0,-2.37,13645.889999999987,13982.48
2019-04-24 10:43:32,Buy,1,65.85,66.43,65.85,2.37,take profit,400.0000000000057,397.6300000000057,14043.519999999991,14043.519999999991
2019-04-25 09:46:25,Buy,1,65.84,65.73,66.24000000000001,2.37,entry_buy,0,-2.37,14041.149999999992,14043.519999999991
2019-04-25 10:09:25,Sell,1,65.73,65.73,66.24000000000001,2.37,stop loss,-109.99999999999943,-112.36999999999944,13928.779999999992,14043.519999999991
2019-04-26 09:49:46,Sell,1,63.86,64.32,63.46,2.37,entry_sell,0,-2.37,13926.409999999993,14043.519999999991
2019-04-26 10:07:13,Buy,1,63.46,64.32,63.46,2.37,take profit,399.9999999999986,397.6299999999986,14324.03999999999,14324.03999999999
2019-04-29 09:45:00,Sell,1,62.800000000000004,63.22,62.400000000000006,2.37,entry_sell,0,-2.37,14321.669999999991,14324.03999999999
2019-04-29 11:22:43,Buy,1,63.22,63.22,62.400000000000006,2.37,stop loss,-419.9999999999946,-422.3699999999946,13899.299999999996,14324.03999999999
2019-04-30 09:45:00,Sell,1,63.96,64.22,63.56,2.37,entry_sell,0,-2.37,13896.929999999997,14324.03999999999
2019-04-30 11:00:38,Buy,1,63.56,64.22,63.56,2.37,take profit,399.9999999999986,397.6299999999986,14294.559999999994,14324.03999999999
2019-05-01 09:51:10,Buy,1,63.919999999999995,63.72,64.32,2.37,entry_buy,0,-2.37,14292.189999999995,14324.03999999999
2019-05-01 10:03:38,Sell,1,63.72,63.72,64.32,2.37,stop loss,-199.99999999999574,-202.36999999999574,14089.82,14324.03999999999
2019-05-02 09:56:37,Sell,1,61.95,62.18,61.550000000000004,2.37,entry_sell,0,-2.37,14087.449999999999,14324.03999999999
2019-05-02 10:27:29,Buy,1,61.550000000000004,62.18,61.550000000000004,2.37,take profit,399.9999999999986,397.6299999999986,14485.079999999998,14485.079999999998
2019-05-03 09:45:19,Sell,1,61.78,61.94,61.38,2.37,entry_sell,0,-2.37,14482.71,14485.079999999998
2019-05-03 09:54:11,Buy,1,61.94,61.94,61.38,2.37,stop loss,-159.9999999999966,-162.3699999999966,14320.340000000002,14485.079999999998
2019-05-06 09:45:22,Buy,1,61.78,61.46,62.18,2.37,entry_buy,0,-2.37,14317.970000000001,14485.079999999998
2019-05-06 10:47:01,Sell,1,61.46,61.46,62.18,2.37,stop loss,-320.0000000000003,-322.3700000000003,13995.600000000002,14485.079999999998
2019-05-07 09:47:18,Sell,1,61.22,61.5,60.82,2.37,entry_sell,0,-2.37,13993.230000000001,14485.079999999998
2019-05-07 10:06:08,Buy,1,60.82,61.5,60.82,2.37,take profit,399.9999999999986,397.6299999999986,14390.86,14485.079999999998
2019-05-08 09:47:50,Buy,1,61.48,61.24,61.879999999999995,2.37,entry_buy,0,-2.37,14388.490000000002,14485.079999999998
2019-05-08 10:30:01,Sell,1,61.879999999999995,61.24,61.879999999999995,2.37,take profit,399.9999999999986,397.6299999999986,14786.119999999999,14786.119999999999
2019-05-09 09:45:00,Sell,1,61.410000000000004,61.83,61.010000000000005,2.37,entry_sell,0,-2.37,14783.75,14786.119999999999
2019-05-09 10:40:46,Buy,1,61.010000000000005,61.83,61.010000000000005,2.37,take profit,399.9999999999986,397.6299999999986,15181.379999999997,15181.379999999997
2019-05-10 09:48:16,Buy,1,61.87,61.46,62.269999999999996,2.37,entry_buy,0,-2.37,15179.009999999998,15181.379999999997
2019-05-10 10:41:41,Sell,1,61.46,61.46,62.269999999999996,2.37,stop loss,-409.9999999999966,-412.3699999999966,14766.640000000001,15181.379999999997
2019-05-13 09:46:16,Buy,1,63.26,63.03,63.66,2.37,entry_buy,0,-2.37,14764.27,15181.379999999997
2019-05-13 09:52:33,Sell,1,63.03,63.03,63.66,2.37,stop loss,-229.99999999999687,-232.36999999999688,14531.900000000005,15181.379999999997
2019-05-14 09:45:44,Buy,1,61.79,61.47,62.19,2.37,entry_buy,0,-2.37,14529.530000000004,15181.379999999997
2019-05-14 09:54:24,Sell,1,61.47,61.47,62.19,2.37,stop loss,-320.0000000000003,-322.3700000000003,14207.160000000003,15181.379999999997
2019-05-16 09:55:28,Buy,1,63.18,62.93,63.58,2.37,entry_buy,0,-2.37,14204.790000000005,15181.379999999997
2019-05-16 10:46:45,Sell,1,63.58,62.93,63.58,2.37,take profit,399.9999999999986,397.6299999999986,14602.420000000002,15181.379999999997
2019-05-17 09:45:55,Buy,1,63.54,63.31,63.94,2.37,entry_buy,0,-2.37,14600.050000000003,15181.379999999997
2019-05-17 09:53:31,Sell,1,63.31,63.31,63.94,2.37,stop loss,-229.99999999999687,-232.36999999999688,14367.680000000006,15181.379999999997
2019-05-20 09:45:53,Buy,1,63.14,62.88,63.54,2.37,entry_buy,0,-2.37,14365.310000000005,15181.379999999997
2019-05-20 11:12:56,Sell,1,63.54,62.88,63.54,2.37,take profit,399.9999999999986,397.6299999999986,14762.940000000004,15181.379999999997
2019-05-21 09:45:04,Sell,1,62.96,63.16,62.56,2.37,entry_sell,0,-2.37,14760.570000000003,15181.379999999997
2019-05-21 10:00:48,Buy,1,63.16,63.16,62.56,2.37,stop loss,-199.99999999999574,-202.36999999999574,14558.200000000008,15181.379999999997
2019-05-22 09:47:49,Sell,1,62.39,62.5,61.99,2.37,entry_sell,0,-2.37,14555.830000000009,15181.379999999997
2019-05-22 09:52:34,Buy,1,62.5,62.5,61.99,2.37,stop loss,-109.99999999999943,-112.36999999999944,14443.46000000001,15181.379999999997
2019-05-23 09:45:01,Sell,1,58.800000000000004,59.49,58.400000000000006,2.37,entry_sell,0,-2.37,14441.090000000011,15181.379999999997
2019-05-23 10:11:27,Buy,1,58.400000000000006,59.49,58.400000000000006,2.37,take profit,399.9999999999986,397.6299999999986,14838.720000000008,15181.379999999997
2019-05-24 09:45:29,Sell,1,58.330000000000005,58.8,57.93000000000001,2.37,entry_sell,0,-2.37,14836.35000000001,15181.379999999997
2019-05-24 10:41:49,Buy,1,57.93000000000001,58.8,57.93000000000001,2.37,take profit,399.9999999999986,397.6299999999986,15233.980000000007,15233.980000000007
2019-05-27 09:46:52,Buy,1,58.449999999999996,58.34,58.849999999999994,2.37,entry_buy,0,-2.37,15231.610000000008,15233.980000000007
2019-05-27 10:03:43,Sell,1,58.34,58.34,58.849999999999994,2.37,stop loss,-109.99999999999233,-112.36999999999233,15119.240000000014,15233.980000000007
2019-05-28 09:47:13,Sell,1,59.03,59.49,58.63,2.37,entry_sell,0,-2.37,15116.870000000014,15233.980000000007
2019-05-28 11:33:58,Buy,1,58.63,59.49,58.63,2.37,take profit,399.9999999999986,397.6299999999986,15514.500000000013,15514.500000000013
2019-05-29 09:45:29,Sell,1,57.47,57.88,57.07,2.37,entry_sell,0,-2.37,15512.130000000012,15514.500000000013
2019-05-29 10:18:06,Buy,1,57.88,57.88,57.07,2.37,stop loss,-410.0000000000037,-412.3700000000037,15099.76000000001,15514.500000000013
2019-05-31 09:51:05,Sell,1,54.800000000000004,55.16,54.400000000000006,2.37,entry_sell,0,-2.37,15097.39000000001,15514.500000000013
2019-05-31 10:00:33,Buy,1,55.16,55.16,54.400000000000006,2.37,stop loss,-359.9999999999923,-362.36999999999233,14735.020000000017,15514.500000000013
2019-06-03 09:46:15,Sell,1,54.14,54.44,53.74,2.37,entry_sell,0,-2.37,14732.650000000016,15514.500000000013
2019-06-03 10:00:09,Buy,1,53.74,54.44,53.74,2.37,take profit,399.9999999999986,397.6299999999986,15130.280000000015,15514.500000000013
2019-06-05 09:45:38,Sell,1,52.74,52.95,52.34,2.37,entry_sell,0,-2.37,15127.910000000014,15514.500000000013
2019-06-05 10:30:00,Buy,1,52.34,52.95,52.34,2.37,take profit,399.9999999999986,397.6299999999986,15525.540000000014,15525.540000000014
2019-06-06 10:05:25,Buy,1,51.87,51.44,52.269999999999996,2.37,entry_buy,0,-2.37,15523.170000000013,15525.540000000014
2019-06-06 10:30:28,Sell,1,51.44,51.44,52.269999999999996,2.37,stop loss,-429.9999999999997,-432.3699999999997,15090.800000000014,15525.540000000014
2019-06-07 10:00:34,Buy,1,53.28,52.66,53.68,2.37,entry_buy,0,-2.37,15088.430000000015,15525.540000000014
2019-06-07 11:36:30,Sell,1,53.68,52.66,53.68,2.37,take profit,399.9999999999986,397.6299999999986,15486.060000000012,15525.540000000014
2019-06-10 09:48:24,Sell,1,53.800000000000004,54.14,53.400000000000006,2.37,entry_sell,0,-2.37,15483.690000000013,15525.540000000014
2019-06-10 10:47:02,Buy,1,54.14,54.14,53.400000000000006,2.37,stop loss,-339.9999999999963,-342.3699999999963,15141.320000000016,15525.540000000014
2019-06-11 10:08:15,Sell,1,53.49,53.87,53.09,2.37,entry_sell,0,-2.37,15138.950000000015,15525.540000000014
2019-06-11 14:22:15,Buy,1,53.09,53.87,53.09,2.37,take profit,399.9999999999986,397.6299999999986,15536.580000000014,15536.580000000014
2019-06-12 09:46:50,Buy,1,52.3,52.0,52.699999999999996,2.37,entry_buy,0,-2.37,15534.210000000014,15536.580000000014
2019-06-12 10:30:00,Sell,1,52.0,52.0,52.699999999999996,2.37,stop loss,-299.99999999999716,-302.36999999999716,15231.840000000018,15536.580000000014
2019-06-13 09:48:04,Sell,1,52.84,53.18,52.440000000000005,2.37,entry_sell,0,-2.37,15229.470000000018,15536.580000000014
2019-06-13 11:53:21,Buy,1,52.440000000000005,53.18,52.440000000000005,2.37,take profit,399.9999999999986,397.6299999999986,15627.100000000017,15627.100000000017
2019-06-14 09:49:23,Buy,1,52.44,52.1,52.839999999999996,2.37,entry_buy,0,-2.37,15624.730000000016,15627.100000000017
2019-06-14 10:55:19,Sell,1,52.839999999999996,52.1,52.839999999999996,2.37,take profit,399.9999999999986,397.6299999999986,16022.360000000015,16022.360000000015
2019-06-17 09:50:15,Buy,1,52.43,52.2,52.83,2.37,entry_buy,0,-2.37,16019.990000000014,16022.360000000015
2019-06-17 14:20:49,Sell,1,52.2,52.2,52.83,2.37,stop loss,-229.99999999999687,-232.36999999999688,15787.620000000017,16022.360000000015
2019-06-18 09:46:02,Buy,1,53.37,52.88,53.769999999999996,2.37,entry_buy,0,-2.37,15785.250000000018,16022.360000000015
2019-06-18 10:32:24,Sell,1,53.769999999999996,52.88,53.769999999999996,2.37,take profit,399.9999999999986,397.6299999999986,16182.880000000016,16182.880000000016
2019-06-19 09:55:40,Buy,1,53.739999999999995,53.5,54.13999999999999,2.37,entry_buy,0,-2.37,16180.510000000017,16182.880000000016
2019-06-19 10:30:19,Sell,1,54.13999999999999,53.5,54.13999999999999,2.37,take profit,399.9999999999986,397.6299999999986,16578.140000000014,16578.140000000014
2019-06-20 09:45:22,Sell,1,56.160000000000004,56.43,55.760000000000005,2.37,entry_sell,0,-2.37,16575.770000000015,16578.140000000014
2019-06-20 10:18:10,Buy,1,56.43,56.43,55.760000000000005,2.37,stop loss,-269.999999999996,-272.369999999996,16303.400000000018,16578.140000000014
2019-06-21 09:56:22,Buy,1,57.489999999999995,57.11,57.88999999999999,2.37,entry_buy,0,-2.37,16301.030000000017,16578.140000000014
2019-06-21 15:45:00,Sell,1,57.64,57.11,57.88999999999999,2.37,time exit,150.00000000000568,147.63000000000568,16448.660000000025,16578.140000000014
2019-06-24 11:00:52,Sell,1,57.190000000000005,57.64,56.790000000000006,2.37,entry_sell,0,-2.37,16446.290000000023,16578.140000000014
2019-06-24 11:33:38,Buy,1,56.790000000000006,57.64,56.790000000000006,2.37,take profit,399.9999999999986,397.6299999999986,16843.92000000002,16843.92000000002
2019-06-25 09:49:25,Sell,1,57.99,58.34,57.59,2.37,entry_sell,0,-2.37,16841.55000000002,16843.92000000002
2019-06-25 10:00:56,Buy,1,58.34,58.34,57.59,2.37,stop loss,-350.0000000000014,-352.3700000000014,16489.180000000022,16843.92000000002
2019-06-26 10:10:24,Sell,1,59.160000000000004,59.49,58.760000000000005,2.37,entry_sell,0,-2.37,16486.81000000002,16843.92000000002
2019-06-26 10:30:00,Buy,1,59.49,59.49,58.760000000000005,2.37,stop loss,-329.9999999999983,-332.3699999999983,16154.440000000022,16843.92000000002
2019-06-27 10:06:18,Buy,1,59.51,59.24,59.91,2.37,entry_buy,0,-2.37,16152.070000000022,16843.92000000002
2019-06-27 10:53:05,Sell,1,59.24,59.24,59.91,2.37,stop loss,-269.999999999996,-272.369999999996,15879.700000000026,16843.92000000002
2019-07-01 09:46:11,Sell,1,59.72,59.97,59.32,2.37,entry_sell,0,-2.37,15877.330000000027,16843.92000000002
2019-07-01 10:09:25,Buy,1,59.32,59.97,59.32,2.37,take profit,399.9999999999986,397.6299999999986,16274.960000000025,16843.92000000002
2019-07-02 09:56:15,Sell,1,58.2,58.83,57.800000000000004,2.37,entry_sell,0,-2.37,16272.590000000026,16843.92000000002
2019-07-02 10:12:16,Buy,1,57.800000000000004,58.83,57.800000000000004,2.37,take profit,399.9999999999986,397.6299999999986,16670.220000000023,16843.92000000002
2019-07-03 09:47:54,Buy,1,56.989999999999995,56.78,57.38999999999999,2.37,entry_buy,0,-2.37,16667.850000000024,16843.92000000002
2019-07-03 10:30:00,Sell,1,56.78,56.78,57.38999999999999,2.37,stop loss,-209.99999999999375,-212.36999999999375,16455.48000000003,16843.92000000002
2019-07-08 09:51:37,Buy,1,58.07,57.63,58.47,2.37,entry_buy,0,-2.37,16453.11000000003,16843.92000000002
2019-07-08 14:28:35,Sell,1,57.63,57.63,58.47,2.37,stop loss,-439.9999999999977,-442.36999999999773,16010.74000000003,16843.92000000002
2019-07-09 10:06:34,Buy,1,57.76,57.39,58.16,2.37,entry_buy,0,-2.37,16008.370000000032,16843.92000000002
2019-07-09 15:45:00,Sell,1,57.949999999999996,57.39,58.16,2.37,time exit,189.99999999999773,187.62999999999772,16196.00000000003,16843.92000000002
2019-07-10 09:46:02,Buy,1,59.57,59.38,59.97,2.37,entry_buy,0,-2.37,16193.63000000003,16843.92000000002
2019-07-10 10:32:47,Sell,1,59.38,59.38,59.97,2.37,stop loss,-189.99999999999773,-192.36999999999773,16001.260000000031,16843.92000000002
2019-07-11 10:00:02,Buy,1,60.8,60.5,61.199999999999996,2.37,entry_buy,0,-2.37,15998.890000000032,16843.92000000002
2019-07-11 10:07:00,Sell,1,60.5,60.5,61.199999999999996,2.37,stop loss,-299.99999999999716,-302.36999999999716,15696.520000000033,16843.92000000002
2019-07-12 09:45:07,Buy,1,60.26,59.93,60.66,2.37,entry_buy,0,-2.37,15694.150000000034,16843.92000000002
2019-07-15 09:45:05,Sell,1,60.46,60.46,61.13999999999999,2.37,stop loss,200.00000000000284,197.63000000000284,15891.780000000037,16843.92000000002
2019-07-15 09:45:07,Sell,1,60.45,60.73,60.050000000000004,2.37,entry_sell,0,-2.37,15889.410000000036,16843.92000000002
2019-07-15 11:44:26,Buy,1,60.050000000000004,60.73,60.050000000000004,2.37,take profit,399.9999999999986,397.6299999999986,16287.040000000035,16843.92000000002
2019-07-17 09:46:41,Sell,1,58.14,58.37,57.74,2.37,entry_sell,0,-2.37,16284.670000000035,16843.92000000002
2019-07-17 10:30:00,Buy,1,57.74,58.37,57.74,2.37,take profit,399.9999999999986,397.6299999999986,16682.300000000032,16843.92000000002
2019-07-18 09:49:32,Sell,1,56.7,56.92,56.300000000000004,2.37,entry_sell,0,-2.37,16679.930000000033,16843.92000000002
2019-07-18 10:00:07,Buy,1,56.300000000000004,56.92,56.300000000000004,2.37,take profit,399.9999999999986,397.6299999999986,17077.560000000034,17077.560000000034
2019-07-19 09:53:55,Sell,1,55.580000000000005,55.79,55.18000000000001,2.37,entry_sell,0,-2.37,17075.19000000003,17077.560000000034
2019-07-19 10:19:24,Buy,1,55.79,55.79,55.18000000000001,2.37,stop loss,-209.99999999999375,-212.36999999999375,16862.82000000004,17077.560000000034
2019-07-22 10:33:35,Sell,1,56.0,56.38,55.6,2.37,entry_sell,0,-2.37,16860.45000000004,17077.560000000034
2019-07-22 11:40:05,Buy,1,56.38,56.38,55.6,2.37,stop loss,-380.00000000000256,-382.37000000000256,16478.080000000038,17077.560000000034
2019-07-23 09:53:14,Sell,1,56.21,56.38,55.81,2.37,entry_sell,0,-2.37,16475.710000000036,17077.560000000034
2019-07-23 13:23:03,Buy,1,56.38,56.38,55.81,2.37,stop loss,-170.0000000000017,-172.3700000000017,16303.340000000035,17077.560000000034
2019-07-24 09:51:34,Buy,1,57.15,56.87,57.55,2.37,entry_buy,0,-2.37,16300.970000000034,17077.560000000034
2019-07-24 10:30:26,Sell,1,57.55,56.87,57.55,2.37,take profit,399.9999999999986,397.6299999999986,16698.600000000035,17077.560000000034
2019-07-25 09:48:34,Sell,1,56.31,56.58,55.910000000000004,2.37,entry_sell,0,-2.37,16696.230000000032,17077.560000000034
2019-07-25 10:24:43,Buy,1,56.58,56.58,55.910000000000004,2.37,stop loss,-269.999999999996,-272.369999999996,16423.860000000037,17077.560000000034
2019-07-26 09:46:02,Sell,1,56.06,56.22,55.660000000000004,2.37,entry_sell,0,-2.37,16421.490000000038,17077.560000000034
2019-07-26 09:57:18,Buy,1,56.22,56.22,55.660000000000004,2.37,stop loss,-159.9999999999966,-162.3699999999966,16259.12000000004,17077.560000000034
2019-07-29 09:49:04,Sell,1,56.5,56.77,56.1,2.37,entry_sell,0,-2.37,16256.75000000004,17077.560000000034
2019-07-29 10:06:05,Buy,1,56.1,56.77,56.1,2.37,take profit,399.9999999999986,397.6299999999986,16654.38000000004,17077.560000000034
2019-07-30 09:54:55,Buy,1,57.28,57.05,57.68,2.37,entry_buy,0,-2.37,16652.01000000004,17077.560000000034
2019-07-30 10:11:38,Sell,1,57.05,57.05,57.68,2.37,stop loss,-230.00000000000398,-232.37000000000398,16419.640000000036,17077.560000000034
2019-07-31 10:30:00,Buy,1,58.64,58.27,59.04,2.37,entry_buy,0,-2.37,16417.270000000037,17077.560000000034
2019-07-31 10:58:30,Sell,1,58.27,58.27,59.04,2.37,stop loss,-369.99999999999744,-372.36999999999745,16044.900000000038,17077.560000000034
2019-08-01 09:54:00,Sell,1,56.660000000000004,57.26,56.260000000000005,2.37,entry_sell,0,-2.37,16042.530000000039,17077.560000000034
2019-08-01 13:28:41,Buy,1,56.260000000000005,57.26,56.260000000000005,2.37,take profit,399.9999999999986,397.6299999999986,16440.160000000036,17077.560000000034
2019-08-02 09:56:13,Sell,1,55.61,55.91,55.21,2.37,entry_sell,0,-2.37,16437.790000000037,17077.560000000034
2019-08-02 10:34:46,Buy,1,55.21,55.91,55.21,2.37,take profit,399.9999999999986,397.6299999999986,16835.420000000035,17077.560000000034
2019-08-05 09:56:38,Buy,1,54.73,54.41,55.129999999999995,2.37,entry_buy,0,-2.37,16833.050000000036,17077.560000000034
2019-08-05 10:22:14,Sell,1,55.129999999999995,54.41,55.129999999999995,2.37,take profit,399.9999999999986,397.6299999999986,17230.680000000033,17230.680000000033
2019-08-06 09:46:26,Sell,1,54.81,55.14,54.410000000000004,2.37,entry_sell,0,-2.37,17228.310000000034,17230.680000000033
2019-08-06 11:10:59,Buy,1,54.410000000000004,55.14,54.410000000000004,2.37,take profit,399.9999999999986,397.6299999999986,17625.94000000003,17625.94000000003
2019-08-07 09:45:55,Sell,1,51.620000000000005,52.14,51.220000000000006,2.37,entry_sell,0,-2.37,17623.570000000032,17625.94000000003
2019-08-07 10:18:09,Buy,1,52.14,52.14,51.220000000000006,2.37,stop loss,-519.999999999996,-522.369999999996,17101.200000000037,17625.94000000003
2019-08-08 09:45:21,Sell,1,52.22,52.42,51.82,2.37,entry_sell,0,-2.37,17098.830000000038,17625.94000000003
2019-08-08 10:30:07,Buy,1,52.42,52.42,51.82,2.37,stop loss,-200.00000000000284,-202.37000000000285,16896.460000000036,17625.94000000003
2019-08-09 10:28:09,Sell,1,54.11,54.71,53.71,2.37,entry_sell,0,-2.37,16894.090000000033,17625.94000000003
2019-08-09 11:49:14,Buy,1,54.71,54.71,53.71,2.37,stop loss,-600.0000000000014,-602.3700000000014,16291.720000000032,17625.94000000003
2019-08-12 10:06:37,Sell,1,54.72,55.18,54.32,2.37,entry_sell,0,-2.37,16289.350000000031,17625.94000000003
2019-08-12 11:27:34,Buy,1,54.32,55.18,54.32,2.37,take profit,399.9999999999986,397.6299999999986,16686.980000000032,17625.94000000003
2019-08-13 09:45:00,Buy,1,55.1,54.46,55.5,2.37,entry_buy,0,-2.37,16684.61000000003,17625.94000000003
2019-08-13 09:46:03,Sell,1,55.5,54.46,55.5,2.37,take profit,399.9999999999986,397.6299999999986,17082.240000000027,17625.94000000003
2019-08-15 09:55:30,Buy,1,54.6,54.04,55.0,2.37,entry_buy,0,-2.37,17079.870000000028,17625.94000000003
2019-08-15 13:49:06,Sell,1,54.04,54.04,55.0,2.37,stop loss,-560.0000000000023,-562.3700000000023,16517.500000000025,17625.94000000003
2019-08-16 09:54:11,Sell,1,54.68,55.04,54.28,2.37,entry_sell,0,-2.37,16515.130000000026,17625.94000000003
2019-08-16 10:12:15,Buy,1,54.28,55.04,54.28,2.37,take profit,399.9999999999986,397.6299999999986,16912.760000000024,17625.94000000003
2019-08-19 09:50:53,Sell,1,55.7,56.03,55.300000000000004,2.37,entry_sell,0,-2.37,16910.390000000025,17625.94000000003
2019-08-19 13:30:42,Buy,1,56.03,56.03,55.300000000000004,2.37,stop loss,-329.9999999999983,-332.3699999999983,16578.020000000026,17625.94000000003
2019-08-20 09:48:15,Sell,1,55.21,55.74,54.81,2.37,entry_sell,0,-2.37,16575.650000000027,17625.94000000003
2019-08-20 11:18:12,Buy,1,55.74,55.74,54.81,2.37,stop loss,-530.0000000000011,-532.3700000000011,16043.280000000026,17625.94000000003
2019-08-21 09:56:44,Sell,1,56.85,57.13,56.45,2.37,entry_sell,0,-2.37,16040.910000000025,17625.94000000003
2019-08-21 10:35:16,Buy,1,56.45,57.13,56.45,2.37,take profit,399.9999999999986,397.6299999999986,16438.540000000023,17625.94000000003
2019-08-22 09:45:02,Sell,1,56.080000000000005,56.28,55.68000000000001,2.37,entry_sell,0,-2.37,16436.170000000024,17625.94000000003
2019-08-22 10:19:45,Buy,1,55.68000000000001,56.28,55.68000000000001,2.37,take profit,399.9999999999986,397.6299999999986,16833.800000000025,17625.94000000003
2019-08-23 09:46:31,Sell,1,53.9,54.23,53.5,2.37,entry_sell,0,-2.37,16831.430000000022,17625.94000000003
2019-08-23 10:06:35,Buy,1,54.23,54.23,53.5,2.37,stop loss,-329.9999999999983,-332.3699999999983,16499.060000000027,17625.94000000003
2019-08-26 09:46:21,Sell,1,54.92,55.26,54.52,2.37,entry_sell,0,-2.37,16496.690000000024,17625.94000000003
2019-08-26 10:38:47,Buy,1,54.52,55.26,54.52,2.37,take profit,399.9999999999986,397.6299999999986,16894.32000000002,17625.94000000003
2019-08-27 09:48:45,Buy,1,54.129999999999995,53.91,54.529999999999994,2.37,entry_buy,0,-2.37,16891.950000000023,17625.94000000003
2019-08-27 11:25:31,Sell,1,53.91,53.91,54.529999999999994,2.37,stop loss,-219.99999999999886,-222.36999999999887,16669.580000000024,17625.94000000003
2019-08-28 09:54:57,Buy,1,56.489999999999995,56.2,56.88999999999999,2.37,entry_buy,0,-2.37,16667.210000000025,17625.94000000003
2019-08-28 10:45:24,Sell,1,56.2,56.2,56.88999999999999,2.37,stop loss,-289.99999999999204,-292.36999999999205,16374.840000000033,17625.94000000003
2019-08-29 09:45:07,Buy,1,56.46,55.99,56.86,2.37,entry_buy,0,-2.37,16372.470000000034,17625.94000000003
2019-08-29 12:01:51,Sell,1,56.86,55.99,56.86,2.37,take profit,399.9999999999986,397.6299999999986,16770.10000000003,17625.94000000003
2019-08-30 09:46:01,Buy,1,56.47,56.21,56.87,2.37,entry_buy,0,-2.37,16767.730000000032,17625.94000000003
2019-08-30 10:14:03,Sell,1,56.21,56.21,56.87,2.37,stop loss,-259.999999999998,-262.369999999998,16505.360000000033,17625.94000000003
2019-09-03 09:53:40,Buy,1,53.33,53.08,53.73,2.37,entry_buy,0,-2.37,16502.990000000034,17625.94000000003
2019-09-03 10:01:10,Sell,1,53.08,53.08,53.73,2.37,stop loss,-250.0,-252.37,16250.620000000034,17625.94000000003
2019-09-04 10:05:11,Sell,1,55.38,55.73,54.980000000000004,2.37,entry_sell,0,-2.37,16248.250000000033,17625.94000000003
2019-09-04 10:25:53,Buy,1,55.73,55.73,54.980000000000004,2.37,stop loss,-349.9999999999943,-352.3699999999943,15895.88000000004,17625.94000000003
2019-09-05 10:11:29,Buy,1,56.93,56.67,57.33,2.37,entry_buy,0,-2.37,15893.510000000038,17625.94000000003
2019-09-05 11:00:00,Sell,1,57.33,56.67,57.33,2.37,take profit,399.9999999999986,397.6299999999986,16291.140000000038,17625.94000000003
2019-09-06 09:46:58,Buy,1,55.36,54.83,55.76,2.37,entry_buy,0,-2.37,16288.770000000037,17625.94000000003
2019-09-06 11:14:14,Sell,1,55.76,54.83,55.76,2.37,take profit,399.9999999999986,397.6299999999986,16686.400000000038,17625.94000000003
2019-09-09 09:54:08,Sell,1,57.260000000000005,57.55,56.86000000000001,2.37,entry_sell,0,-2.37,16684.030000000035,17625.94000000003
2019-09-09 10:16:27,Buy,1,57.55,57.55,56.86000000000001,2.37,stop loss,-289.99999999999204,-292.36999999999205,16391.660000000044,17625.94000000003
2019-09-10 09:46:19,Buy,1,58.239999999999995,57.93,58.63999999999999,2.37,entry_buy,0,-2.37,16389.290000000045,17625.94000000003
2019-09-10 10:37:50,Sell,1,58.63999999999999,57.93,58.63999999999999,2.37,take profit,399.9999999999986,397.6299999999986,16786.920000000042,17625.94000000003
2019-09-11 09:45:23,Buy,1,57.739999999999995,57.38,58.13999999999999,2.37,entry_buy,0,-2.37,16784.550000000043,17625.94000000003
2019-09-11 10:30:00,Sell,1,57.38,57.38,58.13999999999999,2.37,stop loss,-359.9999999999923,-362.36999999999233,16422.18000000005,17625.94000000003
2019-09-12 09:46:58,Sell,1,54.28,54.47,53.88,2.37,entry_sell,0,-2.37,16419.81000000005,17625.94000000003
2019-09-12 09:48:31,Buy,1,54.47,54.47,53.88,2.37,stop loss,-189.99999999999773,-192.36999999999773,16227.440000000053,17625.94000000003
2019-09-13 09:45:12,Sell,1,55.07,55.34,54.67,2.37,entry_sell,0,-2.37,16225.070000000052,17625.94000000003
2019-09-13 11:12:39,Buy,1,54.67,55.34,54.67,2.37,take profit,399.9999999999986,397.6299999999986,16622.70000000005,17625.94000000003
2019-09-17 09:45:16,Sell,1,59.27,62.02,58.870000000000005,2.37,entry_sell,0,-2.37,16620.330000000053,17625.94000000003
2019-09-17 10:21:51,Buy,1,58.870000000000005,62.02,58.870000000000005,2.37,take profit,399.9999999999986,397.6299999999986,17017.96000000005,17625.94000000003
2019-09-18 09:45:59,Buy,1,58.18,57.92,58.58,2.37,entry_buy,0,-2.37,17015.590000000047,17625.94000000003
2019-09-18 10:30:04,Sell,1,57.92,57.92,58.58,2.37,stop loss,-259.999999999998,-262.369999999998,16753.220000000052,17625.94000000003
2019-09-19 10:00:43,Sell,1,58.5,58.87,58.1,2.37,entry_sell,0,-2.37,16750.85000000005,17625.94000000003
2019-09-19 11:05:08,Buy,1,58.87,58.87,58.1,2.37,stop loss,-369.99999999999744,-372.36999999999745,16378.480000000054,17625.94000000003
2019-09-20 09:48:06,Sell,1,58.440000000000005,58.73,58.040000000000006,2.37,entry_sell,0,-2.37,16376.110000000055,17625.94000000003
2019-09-20 10:19:25,Buy,1,58.73,58.73,58.040000000000006,2.37,stop loss,-289.99999999999204,-292.36999999999205,16083.740000000063,17625.94000000003
2019-09-23 09:45:19,Sell,1,58.13,58.38,57.730000000000004,2.37,entry_sell,0,-2.37,16081.370000000063,17625.94000000003
2019-09-23 10:00:22,Buy,1,57.730000000000004,58.38,57.730000000000004,2.37,take profit,399.9999999999986,397.6299999999986,16479.000000000062,17625.94000000003
2019-09-24 09:46:57,Sell,1,57.97,58.24,57.57,2.37,entry_sell,0,-2.37,16476.630000000063,17625.94000000003
2019-09-24 10:15:16,Buy,1,57.57,58.24,57.57,2.37,take profit,399.9999999999986,397.6299999999986,16874.26000000006,17625.94000000003
2019-09-25 09:50:36,Sell,1,55.7,55.9,55.300000000000004,2.37,entry_sell,0,-2.37,16871.890000000058,17625.94000000003
2019-09-25 10:19:58,Buy,1,55.9,55.9,55.300000000000004,2.37,stop loss,-199.99999999999574,-202.36999999999574,16669.520000000062,17625.94000000003
2019-09-26 10:30:39,Sell,1,55.75,56.16,55.35,2.37,entry_sell,0,-2.37,16667.150000000063,17625.94000000003
2019-09-26 13:01:13,Buy,1,56.16,56.16,55.35,2.37,stop loss,-409.9999999999966,-412.3699999999966,16254.780000000068,17625.94000000003
2019-09-27 09:45:18,Buy,1,55.699999999999996,55.4,56.099999999999994,2.37,entry_buy,0,-2.37,16252.410000000069,17625.94000000003
2019-09-27 10:12:23,Sell,1,56.099999999999994,55.4,56.099999999999994,2.37,take profit,399.9999999999986,397.6299999999986,16650.040000000066,17625.94000000003
2019-09-30 10:11:24,Buy,1,55.4,54.96,55.8,2.37,entry_buy,0,-2.37,16647.670000000067,17625.94000000003
2019-09-30 12:40:04,Sell,1,54.96,54.96,55.8,2.37,stop loss,-439.9999999999977,-442.36999999999773,16205.300000000068,17625.94000000003
2019-10-01 10:00:39,Sell,1,54.510000000000005,54.78,54.11000000000001,2.37,entry_sell,0,-2.37,16202.93000000007,17625.94000000003
2019-10-01 11:05:43,Buy,1,54.11000000000001,54.78,54.11000000000001,2.37,take profit,399.9999999999986,397.6299999999986,16600.560000000067,17625.94000000003
2019-10-02 10:30:05,Sell,1,53.15,53.64,52.75,2.37,entry_sell,0,-2.37,16598.190000000068,17625.94000000003
2019-10-02 10:33:50,Buy,1,52.75,53.64,52.75,2.37,take profit,399.9999999999986,397.6299999999986,16995.820000000065,17625.94000000003
2019-10-03 10:00:18,Sell,1,51.64,52.03,51.24,2.37,entry_sell,0,-2.37,16993.450000000066,17625.94000000003
2019-10-03 10:05:13,Buy,1,51.24,52.03,51.24,2.37,take profit,399.9999999999986,397.6299999999986,17391.080000000064,17625.94000000003
2019-10-04 09:58:41,Buy,1,53.28,52.89,53.68,2.37,entry_buy,0,-2.37,17388.710000000065,17625.94000000003
2019-10-04 10:32:19,Sell,1,52.89,52.89,53.68,2.37,stop loss,-390.00000000000057,-392.3700000000006,16996.340000000062,17625.94000000003
2019-10-07 09:47:40,Sell,1,53.25,53.43,52.85,2.37,entry_sell,0,-2.37,16993.970000000063,17625.94000000003
2019-10-07 09:53:05,Buy,1,53.43,53.43,52.85,2.37,stop loss,-179.99999999999972,-182.36999999999972,16811.600000000064,17625.94000000003
2019-10-08 09:45:38,Buy,1,52.25,51.86,52.65,2.37,entry_buy,0,-2.37,16809.23000000006,17625.94000000003
2019-10-08 10:56:02,Sell,1,52.65,51.86,52.65,2.37,take profit,399.9999999999986,397.6299999999986,17206.860000000062,17625.94000000003
2019-10-09 09:45:18,Sell,1,53.38,53.55,52.980000000000004,2.37,entry_sell,0,-2.37,17204.490000000063,17625.94000000003
2019-10-09 10:30:00,Buy,1,52.980000000000004,53.55,52.980000000000004,2.37,take profit,399.9999999999986,397.6299999999986,17602.12000000006,17625.94000000003
2019-10-10 09:50:13,Buy,1,53.379999999999995,53.07,53.779999999999994,2.37,entry_buy,0,-2.37,17599.75000000006,17625.94000000003
2019-10-10 10:36:01,Sell,1,53.07,53.07,53.779999999999994,2.37,stop loss,-309.99999999999517,-312.3699999999952,17287.380000000063,17625.94000000003
2019-10-11 09:45:34,Buy,1,54.14,53.88,54.54,2.37,entry_buy,0,-2.37,17285.010000000064,17625.94000000003
2019-10-11 10:02:13,Sell,1,53.88,53.88,54.54,2.37,stop loss,-259.999999999998,-262.369999999998,17022.640000000065,17625.94000000003
2019-10-14 09:45:01,Sell,1,53.010000000000005,53.47,52.61000000000001,2.37,entry_sell,0,-2.37,17020.270000000066,17625.94000000003
2019-10-14 12:48:24,Buy,1,53.47,53.47,52.61000000000001,2.37,stop loss,-459.99999999999375,-462.36999999999375,16557.900000000074,17625.94000000003
2019-10-15 10:19:13,Sell,1,53.050000000000004,53.38,52.650000000000006,2.37,entry_sell,0,-2.37,16555.53000000007,17625.94000000003
2019-10-15 10:28:46,Buy,1,53.38,53.38,52.650000000000006,2.37,stop loss,-329.9999999999983,-332.3699999999983,16223.160000000076,17625.94000000003
2019-10-18 09:50:43,Buy,1,54.47,54.28,54.87,2.37,entry_buy,0,-2.37,16220.790000000075,17625.94000000003
2019-10-18 10:13:24,Sell,1,54.28,54.28,54.87,2.37,stop loss,-189.99999999999773,-192.36999999999773,16028.420000000078,17625.94000000003
2019-10-21 09:51:19,Buy,1,53.22,52.91,53.62,2.37,entry_buy,0,-2.37,16026.050000000077,17625.94000000003
2019-10-21 14:02:49,Sell,1,53.62,52.91,53.62,2.37,take profit,399.9999999999986,397.6299999999986,16423.680000000077,17625.94000000003
2019-10-22 09:45:35,Sell,1,54.11,54.3,53.71,2.37,entry_sell,0,-2.37,16421.310000000078,17625.94000000003
2019-10-22 10:56:59,Buy,1,54.3,54.3,53.71,2.37,stop loss,-189.99999999999773,-192.36999999999773,16228.940000000079,17625.94000000003
2019-10-23 09:45:40,Buy,1,54.33,53.99,54.73,2.37,entry_buy,0,-2.37,16226.570000000078,17625.94000000003
2019-10-23 10:30:00,Sell,1,54.73,53.99,54.73,2.37,take profit,399.9999999999986,397.6299999999986,16624.200000000077,17625.94000000003
2019-10-24 09:58:39,Buy,1,56.15,55.94,56.55,2.37,entry_buy,0,-2.37,16621.830000000075,17625.94000000003
2019-10-24 15:45:00,Sell,1,56.21,55.94,56.55,2.37,time exit,60.000000000002274,57.630000000002276,16679.46000000008,17625.94000000003
2019-10-25 09:48:00,Sell,1,56.050000000000004,56.22,55.650000000000006,2.37,entry_sell,0,-2.37,16677.090000000077,17625.94000000003
2019-10-25 10:26:33,Buy,1,55.650000000000006,56.22,55.650000000000006,2.37,take profit,399.9999999999986,397.6299999999986,17074.720000000078,17625.94000000003
2019-10-28 09:46:58,Sell,1,56.730000000000004,56.92,56.330000000000005,2.37,entry_sell,0,-2.37,17072.35000000008,17625.94000000003
2019-10-28 10:23:13,Buy,1,56.330000000000005,56.92,56.330000000000005,2.37,take profit,399.9999999999986,397.6299999999986,17469.980000000076,17625.94000000003
2019-10-29 09:52:59,Buy,1,54.98,54.75,55.379999999999995,2.37,entry_buy,0,-2.37,17467.610000000073,17625.94000000003
2019-10-29 10:41:02,Sell,1,54.75,54.75,55.379999999999995,2.37,stop loss,-229.99999999999687,-232.36999999999688,17235.240000000078,17625.94000000003
2019-10-30 09:51:10,Sell,1,55.22,55.43,54.82,2.37,entry_sell,0,-2.37,17232.87000000008,17625.94000000003
2019-10-30 10:30:00,Buy,1,54.82,55.43,54.82,2.37,take profit,399.9999999999986,397.6299999999986,17630.500000000076,17630.500000000076
2019-10-31 09:45:01,Sell,1,54.38,54.62,53.980000000000004,2.37,entry_sell,0,-2.37,17628.130000000077,17630.500000000076
2019-10-31 10:11:44,Buy,1,53.980000000000004,54.62,53.980000000000004,2.37,take profit,399.9999999999986,397.6299999999986,18025.760000000075,18025.760000000075
2019-11-01 10:03:07,Buy,1,55.15,54.82,55.55,2.37,entry_buy,0,-2.37,18023.390000000076,18025.760000000075
2019-11-01 13:14:41,Sell,1,55.55,54.82,55.55,2.37,take profit,399.9999999999986,397.6299999999986,18421.020000000073,18421.020000000073
2019-11-04 10:16:54,Sell,1,56.910000000000004,57.23,56.510000000000005,2.37,entry_sell,0,-2.37,18418.650000000074,18421.020000000073
2019-11-04 11:06:14,Buy,1,57.23,57.23,56.510000000000005,2.37,stop loss,-319.9999999999932,-322.3699999999932,18096.28000000008,18421.020000000073
2019-11-05 09:51:41,Buy,1,57.22,57.05,57.62,2.37,entry_buy,0,-2.37,18093.91000000008,18421.020000000073
2019-11-05 10:11:57,Sell,1,57.05,57.05,57.62,2.37,stop loss,-170.0000000000017,-172.3700000000017,17921.540000000077,18421.020000000073
2019-11-06 09:45:04,Buy,1,57.339999999999996,57.12,57.739999999999995,2.37,entry_buy,0,-2.37,17919.17000000008,18421.020000000073
2019-11-06 10:01:44,Sell,1,57.739999999999995,57.12,57.739999999999995,2.37,take profit,399.9999999999986,397.6299999999986,18316.800000000076,18421.020000000073
2019-11-07 09:46:00,Buy,1,57.46,57.24,57.86,2.37,entry_buy,0,-2.37,18314.430000000073,18421.020000000073
2019-11-07 10:04:30,Sell,1,57.24,57.24,57.86,2.37,stop loss,-219.99999999999886,-222.36999999999887,18092.060000000078,18421.020000000073
2019-11-08 09:48:13,Buy,1,56.239999999999995,56.02,56.63999999999999,2.37,entry_buy,0,-2.37,18089.690000000075,18421.020000000073
2019-11-08 09:58:52,Sell,1,56.02,56.02,56.63999999999999,2.37,stop loss,-219.99999999999176,-222.36999999999176,17867.320000000083,18421.020000000073
2019-11-11 09:45:06,Buy,1,56.65,56.36,57.05,2.37,entry_buy,0,-2.37,17864.950000000084,18421.020000000073
2019-11-11 10:00:03,Sell,1,57.05,56.36,57.05,2.37,take profit,399.9999999999986,397.6299999999986,18262.58000000008,18421.020000000073
2019-11-12 09:53:58,Buy,1,57.449999999999996,57.1,57.849999999999994,2.37,entry_buy,0,-2.37,18260.210000000083,18421.020000000073
2019-11-12 11:05:31,Sell,1,57.1,57.1,57.849999999999994,2.37,stop loss,-349.9999999999943,-352.3699999999943,17907.840000000087,18421.020000000073
2019-11-13 09:56:17,Buy,1,57.08,56.47,57.48,2.37,entry_buy,0,-2.37,17905.47000000009,18421.020000000073
2019-11-13 13:18:45,Sell,1,57.48,56.47,57.48,2.37,take profit,399.9999999999986,397.6299999999986,18303.100000000086,18421.020000000073
2019-11-15 10:05:15,Buy,1,57.15,56.84,57.55,2.37,entry_buy,0,-2.37,18300.730000000087,18421.020000000073
2019-11-15 11:23:05,Sell,1,57.55,56.84,57.55,2.37,take profit,399.9999999999986,397.6299999999986,18698.360000000088,18698.360000000088
2019-11-18 09:45:01,Sell,1,57.15,57.48,56.75,2.37,entry_sell,0,-2.37,18695.990000000085,18698.360000000088
2019-11-18 10:38:28,Buy,1,57.48,57.48,56.75,2.37,stop loss,-329.9999999999983,-332.3699999999983,18363.620000000086,18698.360000000088
2019-11-19 10:03:16,Sell,1,55.940000000000005,56.13,55.540000000000006,2.37,entry_sell,0,-2.37,18361.250000000087,18698.360000000088
2019-11-19 10:13:54,Buy,1,56.13,56.13,55.540000000000006,2.37,stop loss,-189.99999999999773,-192.36999999999773,18168.88000000009,18698.360000000088
2019-11-20 09:53:14,Sell,1,55.71,55.93,55.31,2.37,entry_sell,0,-2.37,18166.51000000009,18698.360000000088
2019-11-20 10:30:00,Buy,1,55.93,55.93,55.31,2.37,stop loss,-219.99999999999886,-222.36999999999887,17944.140000000087,18698.360000000088
2019-11-21 09:45:09,Buy,1,57.839999999999996,57.65,58.239999999999995,2.37,entry_buy,0,-2.37,17941.770000000088,18698.360000000088
2019-11-21 11:03:56,Sell,1,58.239999999999995,57.65,58.239999999999995,2.37,take profit,399.9999999999986,397.6299999999986,18339.40000000009,18698.360000000088
2019-11-22 10:47:52,Sell,1,58.14,58.49,57.74,2.37,entry_sell,0,-2.37,18337.030000000086,18698.360000000088
2019-11-22 11:04:21,Buy,1,57.74,58.49,57.74,2.37,take profit,399.9999999999986,397.6299999999986,18734.660000000084,18734.660000000084
2019-11-25 09:49:49,Sell,1,57.6,58.01,57.2,2.37,entry_sell,0,-2.37,18732.290000000085,18734.660000000084
2019-11-25 11:16:50,Buy,1,58.01,58.01,57.2,2.37,stop loss,-409.9999999999966,-412.3699999999966,18319.920000000086,18734.660000000084
2019-11-26 09:52:01,Buy,1,58.489999999999995,58.25,58.88999999999999,2.37,entry_buy,0,-2.37,18317.550000000087,18734.660000000084
2019-11-26 10:17:13,Sell,1,58.25,58.25,58.88999999999999,2.37,stop loss,-239.99999999999488,-242.3699999999949,18075.18000000009,18734.660000000084
2019-11-28 10:15:56,Buy,1,57.97,57.88,58.37,2.37,entry_buy,0,-2.37,18072.810000000092,18734.660000000084
2019-11-28 10:32:13,Sell,1,57.88,57.88,58.37,2.37,stop loss,-89.9999999999963,-92.36999999999631,17980.440000000097,18734.660000000084
2019-11-29 09:46:14,Sell,1,56.45,57.14,56.050000000000004,2.37,entry_sell,0,-2.37,17978.070000000094,18734.660000000084
2019-11-29 10:50:16,Buy,1,56.050000000000004,57.14,56.050000000000004,2.37,take profit,399.9999999999986,397.6299999999986,18375.70000000009,18734.660000000084
2019-12-02 10:02:24,Sell,1,56.24,56.51,55.84,2.37,entry_sell,0,-2.37,18373.330000000093,18734.660000000084
2019-12-02 10:35:27,Buy,1,55.84,56.51,55.84,2.37,take profit,399.9999999999986,397.6299999999986,18770.960000000094,18770.960000000094
2019-12-03 09:45:21,Sell,1,55.730000000000004,56.02,55.330000000000005,2.37,entry_sell,0,-2.37,18768.59000000009,18770.960000000094
2019-12-03 11:18:10,Buy,1,56.02,56.02,55.330000000000005,2.37,stop loss,-289.99999999999915,-292.36999999999915,18476.220000000092,18770.960000000094
2019-12-04 09:47:08,Buy,1,57.949999999999996,57.7,58.349999999999994,2.37,entry_buy,0,-2.37,18473.850000000093,18770.960000000094
2019-12-04 10:47:01,Sell,1,58.349999999999994,57.7,58.349999999999994,2.37,take profit,399.9999999999986,397.6299999999986,18871.48000000009,18871.48000000009
2019-12-05 09:51:12,Sell,1,58.79,59.12,58.39,2.37,entry_sell,0,-2.37,18869.110000000088,18871.48000000009
2019-12-05 10:06:19,Buy,1,58.39,59.12,58.39,2.37,take profit,399.9999999999986,397.6299999999986,19266.74000000009,19266.74000000009
2019-12-06 09:45:12,Buy,1,59.01,58.02,59.41,2.37,entry_buy,0,-2.37,19264.37000000009,19266.74000000009
2019-12-06 09:50:25,Sell,1,59.41,58.02,59.41,2.37,take profit,399.9999999999986,397.6299999999986,19662.000000000087,19662.000000000087
2019-12-09 09:45:01,Buy,1,58.86,58.66,59.26,2.37,entry_buy,0,-2.37,19659.630000000085,19662.000000000087
2019-12-09 15:45:00,Sell,1,58.989999999999995,58.66,59.26,2.37,time exit,129.99999999999545,127.62999999999545,19787.260000000082,19787.260000000082
2019-12-10 09:46:15,Buy,1,58.94,58.71,59.339999999999996,2.37,entry_buy,0,-2.37,19784.89000000008,19787.260000000082
2019-12-10 11:15:41,Sell,1,59.339999999999996,58.71,59.339999999999996,2.37,take profit,399.9999999999986,397.6299999999986,20182.52000000008,20182.52000000008
2019-12-11 09:46:31,Buy,1,59.14,59.01,59.54,2.37,entry_buy,0,-2.37,20180.15000000008,20182.52000000008
2019-12-11 10:30:00,Sell,1,59.01,59.01,59.54,2.37,stop loss,-130.00000000000256,-132.37000000000256,20047.78000000008,20182.52000000008
2019-12-12 10:00:02,Buy,1,59.66,58.88,60.059999999999995,2.37,entry_buy,0,-2.37,20045.410000000076,20182.52000000008
2019-12-12 15:45:00,Sell,1,59.41,58.88,60.059999999999995,2.37,time exit,-250.0,-252.37,19793.040000000074,20182.52000000008
2019-12-13 09:54:10,Buy,1,59.47,59.27,59.87,2.37,entry_buy,0,-2.37,19790.670000000075,20182.52000000008
2019-12-13 10:03:36,Sell,1,59.87,59.27,59.87,2.37,take profit,399.9999999999986,397.6299999999986,20188.300000000076,20188.300000000076
2019-12-16 10:00:39,Buy,1,60.199999999999996,60.0,60.599999999999994,2.37,entry_buy,0,-2.37,20185.930000000073,20188.300000000076
2019-12-17 15:45:00,Sell,1,60.85,60.42,61.08,2.37,time exit,650.0000000000057,647.6300000000057,20833.560000000078,20833.560000000078
2019-12-18 09:48:04,Sell,1,60.35,60.51,59.95,2.37,entry_sell,0,-2.37,20831.19000000008,20833.560000000078
2019-12-18 10:30:00,Buy,1,60.51,60.51,59.95,2.37,stop loss,-159.9999999999966,-162.3699999999966,20668.82000000008,20833.560000000078
2019-12-19 09:56:42,Buy,1,60.98,60.87,61.379999999999995,2.37,entry_buy,0,-2.37,20666.45000000008,20833.560000000078
2019-12-19 10:03:10,Sell,1,60.87,60.87,61.379999999999995,2.37,stop loss,-109.99999999999943,-112.36999999999944,20554.08000000008,20833.560000000078
2019-12-20 09:52:23,Sell,1,60.54,60.77,60.14,2.37,entry_sell,0,-2.37,20551.71000000008,20833.560000000078
2019-12-20 10:51:04,Buy,1,60.14,60.77,60.14,2.37,take profit,399.9999999999986,397.6299999999986,20949.34000000008,20949.34000000008
2019-12-23 09:45:25,Sell,1,60.15,60.29,59.75,2.37,entry_sell,0,-2.37,20946.97000000008,20949.34000000008
2019-12-23 10:00:04,Buy,1,60.29,60.29,59.75,2.37,stop loss,-140.00000000000057,-142.37000000000057,20804.60000000008,20949.34000000008
2019-12-24 09:46:25,Buy,1,60.949999999999996,60.83,61.349999999999994,2.37,entry_buy,0,-2.37,20802.230000000076,20949.34000000008
2019-12-24 09:51:01,Sell,1,60.83,60.83,61.349999999999994,2.37,stop loss,-119.99999999999744,-122.36999999999745,20679.86000000008,20949.34000000008
2019-12-26 10:24:02,Buy,1,61.69,61.23,62.089999999999996,2.37,entry_buy,0,-2.37,20677.490000000078,20949.34000000008
2019-12-26 15:45:00,Sell,1,61.699999999999996,61.23,62.089999999999996,2.37,time exit,9.99999999999801,7.62999999999801,20685.120000000075,20949.34000000008
2019-12-27 09:45:09,Sell,1,61.47,61.77,61.07,2.37,entry_sell,0,-2.37,20682.750000000076,20949.34000000008
2019-12-27 11:00:26,Buy,1,61.77,61.77,61.07,2.37,stop loss,-300.00000000000426,-302.37000000000427,20380.38000000007,20949.34000000008
2019-12-30 09:51:11,Sell,1,62.02,62.21,61.620000000000005,2.37,entry_sell,0,-2.37,20378.01000000007,20949.34000000008
2019-12-30 11:29:51,Buy,1,61.620000000000005,62.21,61.620000000000005,2.37,take profit,399.9999999999986,397.6299999999986,20775.640000000072,20949.34000000008
2019-12-31 10:00:17,Buy,1,60.9,60.63,61.3,2.37,entry_buy,0,-2.37,20773.27000000007,20949.34000000008
2019-12-31 10:48:05,Sell,1,61.3,60.63,61.3,2.37,take profit,399.9999999999986,397.6299999999986,21170.900000000067,21170.900000000067
2020-01-02 10:07:13,Buy,1,61.309999999999995,61.03,61.709999999999994,2.37,entry_buy,0,-2.37,21168.530000000068,21170.900000000067
2020-01-02 10:15:37,Sell,1,61.03,61.03,61.709999999999994,2.37,stop loss,-279.99999999999403,-282.36999999999404,20886.160000000076,21170.900000000067
2020-01-03 10:00:10,Buy,1,63.51,63.14,63.91,2.37,entry_buy,0,-2.37,20883.790000000074,21170.900000000067
2020-01-03 11:18:16,Sell,1,63.14,63.14,63.91,2.37,stop loss,-369.99999999999744,-372.36999999999745,20511.42000000008,21170.900000000067
2020-01-06 09:47:10,Buy,1,63.57,63.25,63.97,2.37,entry_buy,0,-2.37,20509.050000000076,21170.900000000067
2020-01-06 10:53:20,Sell,1,63.25,63.25,63.97,2.37,stop loss,-320.0000000000003,-322.3700000000003,20186.680000000073,21170.900000000067
2020-01-07 09:54:32,Buy,1,62.79,62.51,63.19,2.37,entry_buy,0,-2.37,20184.310000000074,21170.900000000067
2020-01-07 11:10:57,Sell,1,62.51,62.51,63.19,2.37,stop loss,-280.00000000000114,-282.37000000000114,19901.940000000075,21170.900000000067
2020-01-08 09:48:18,Sell,1,62.0,62.42,61.6,2.37,entry_sell,0,-2.37,19899.570000000072,21170.900000000067
2020-01-08 10:30:00,Buy,1,61.6,62.42,61.6,2.37,take profit,399.9999999999986,397.6299999999986,20297.20000000007,21170.900000000067
2020-01-09 09:45:02,Sell,1,59.24,59.57,58.84,2.37,entry_sell,0,-2.37,20294.83000000007,21170.900000000067
2020-01-09 10:01:14,Buy,1,58.84,59.57,58.84,2.37,take profit,399.9999999999986,397.6299999999986,20692.460000000072,21170.900000000067
2020-01-10 10:55:15,Sell,1,58.870000000000005,59.37,58.470000000000006,2.37,entry_sell,0,-2.37,20690.09000000007,21170.900000000067
2020-01-10 11:20:09,Buy,1,59.37,59.37,58.470000000000006,2.37,stop loss,-499.9999999999929,-502.3699999999929,20187.720000000074,21170.900000000067
2020-01-13 10:04:47,Sell,1,58.31,58.68,57.910000000000004,2.37,entry_sell,0,-2.37,20185.350000000075,21170.900000000067
2020-01-13 15:35:18,Buy,1,57.910000000000004,58.68,57.910000000000004,2.37,take profit,399.9999999999986,397.6299999999986,20582.980000000076,21170.900000000067
2020-01-14 09:57:14,Sell,1,58.22,58.55,57.82,2.37,entry_sell,0,-2.37,20580.610000000073,21170.900000000067
2020-01-14 11:57:46,Buy,1,58.55,58.55,57.82,2.37,stop loss,-329.9999999999983,-332.3699999999983,20248.240000000074,21170.900000000067
2020-01-16 10:00:41,Buy,1,58.35,58.11,58.75,2.37,entry_buy,0,-2.37,20245.870000000075,21170.900000000067
2020-01-16 11:15:03,Sell,1,58.75,58.11,58.75,2.37,take profit,399.9999999999986,397.6299999999986,20643.500000000073,21170.900000000067
2020-01-17 09:47:27,Sell,1,58.64,58.75,58.24,2.37,entry_sell,0,-2.37,20641.13000000007,21170.900000000067
2020-01-17 10:01:09,Buy,1,58.75,58.75,58.24,2.37,stop loss,-109.99999999999943,-112.36999999999944,20528.760000000075,21170.900000000067
2020-01-20 09:55:34,Buy,1,59.01,58.9,59.41,2.37,entry_buy,0,-2.37,20526.390000000072,21170.900000000067
2020-01-20 10:07:17,Sell,1,58.9,58.9,59.41,2.37,stop loss,-109.99999999999943,-112.36999999999944,20414.020000000073,21170.900000000067
2020-01-21 10:04:58,Buy,1,58.41,58.17,58.809999999999995,2.37,entry_buy,0,-2.37,20411.650000000074,21170.900000000067
2020-01-21 15:45:00,Sell,1,58.28,58.17,58.809999999999995,2.37,time exit,-129.99999999999545,-132.36999999999546,20279.28000000008,21170.900000000067
2020-01-22 09:47:34,Sell,1,57.050000000000004,57.33,56.650000000000006,2.37,entry_sell,0,-2.37,20276.910000000076,21170.900000000067
2020-01-22 13:00:15,Buy,1,56.650000000000006,57.33,56.650000000000006,2.37,take profit,399.9999999999986,397.6299999999986,20674.540000000074,21170.900000000067
2020-01-23 11:00:14,Buy,1,55.28,54.77,55.68,2.37,entry_buy,0,-2.37,20672.170000000075,21170.900000000067
2020-01-23 14:31:20,Sell,1,55.68,54.77,55.68,2.37,take profit,399.9999999999986,397.6299999999986,21069.800000000076,21170.900000000067
2020-01-24 10:01:32,Buy,1,54.739999999999995,54.37,55.13999999999999,2.37,entry_buy,0,-2.37,21067.430000000073,21170.900000000067
2020-01-24 10:41:59,Sell,1,54.37,54.37,55.13999999999999,2.37,stop loss,-369.99999999999744,-372.36999999999745,20695.060000000078,21170.900000000067
2020-01-27 09:45:39,Buy,1,53.23,52.77,53.629999999999995,2.37,entry_buy,0,-2.37,20692.690000000075,21170.900000000067
2020-01-27 10:56:01,Sell,1,52.77,52.77,53.629999999999995,2.37,stop loss,-459.99999999999375,-462.36999999999375,20230.32000000008,21170.900000000067
2020-01-28 10:03:20,Buy,1,53.18,52.94,53.58,2.37,entry_buy,0,-2.37,20227.95000000008,21170.900000000067
2020-01-28 10:24:07,Sell,1,53.58,52.94,53.58,2.37,take profit,399.9999999999986,397.6299999999986,20625.58000000008,21170.900000000067
2020-01-29 09:46:04,Sell,1,53.440000000000005,53.75,53.040000000000006,2.37,entry_sell,0,-2.37,20623.21000000008,21170.900000000067
2020-01-29 10:30:00,Buy,1,53.040000000000006,53.75,53.040000000000006,2.37,take profit,399.9999999999986,397.6299999999986,21020.840000000077,21170.900000000067
2020-01-30 09:45:36,Buy,1,52.55,52.04,52.949999999999996,2.37,entry_buy,0,-2.37,21018.470000000078,21170.900000000067
2020-01-30 10:41:20,Sell,1,52.04,52.04,52.949999999999996,2.37,stop loss,-509.999999999998,-512.369999999998,20506.10000000008,21170.900000000067
2020-01-31 09:47:30,Buy,1,51.839999999999996,51.62,52.239999999999995,2.37,entry_buy,0,-2.37,20503.73000000008,21170.900000000067
2020-01-31 10:33:04,Sell,1,51.62,51.62,52.239999999999995,2.37,stop loss,-219.99999999999886,-222.36999999999887,20281.36000000008,21170.900000000067
